uniqid,zip,from.year,from.month,from.day,to.year,to.month,to.day
0,00066,2020,3,23,2020,5,24
1,00069,2020,3,23,2020,5,24
2,00072,2020,3,23,2020,5,24
3,00078,2020,3,23,2020,5,24
4,01001,2020,3,23,2020,5,24
5,01003,2020,3,23,2020,5,24
6,01005,2020,3,23,2020,5,24
7,01007,2020,3,23,2020,5,24
8,01009,2020,3,23,2020,5,24
9,01011,2020,3,23,2020,5,24
10,01013,2020,3,23,2020,5,24
11,01015,2020,3,23,2020,5,24
12,01017,2020,3,23,2020,5,24
13,01019,2020,3,23,2020,5,24
14,01021,2020,3,23,2020,5,24
15,01023,2020,3,23,2020,5,24
16,01025,2020,3,23,2020,5,24
17,01027,2020,3,23,2020,5,24
18,01029,2020,3,23,2020,5,24
19,01031,2020,3,23,2020,5,24
20,01033,2020,3,23,2020,5,24
21,01035,2020,3,23,2020,5,24
22,01037,2020,3,23,2020,5,24
23,01039,2020,3,23,2020,5,24
24,01041,2020,3,23,2020,5,24
25,01043,2020,3,23,2020,5,24
26,01045,2020,3,23,2020,5,24
27,01047,2020,3,23,2020,5,24
28,01049,2020,3,23,2020,5,24
29,01051,2020,3,23,2020,5,24
30,01053,2020,3,23,2020,5,24
31,01055,2020,3,23,2020,5,24
32,01057,2020,3,23,2020,5,24
33,01059,2020,3,23,2020,5,24
34,01061,2020,3,23,2020,5,24
35,01063,2020,3,23,2020,5,24
36,01065,2020,3,23,2020,5,24
37,01067,2020,3,23,2020,5,24
38,01069,2020,3,23,2020,5,24
39,01071,2020,3,23,2020,5,24
40,01073,2020,3,23,2020,5,24
41,01075,2020,3,23,2020,5,24
42,01077,2020,3,23,2020,5,24
43,01079,2020,3,23,2020,5,24
44,01081,2020,3,23,2020,5,24
45,01083,2020,3,23,2020,5,24
46,01085,2020,3,23,2020,5,24
47,01087,2020,3,23,2020,5,24
48,01089,2020,3,23,2020,5,24
49,01091,2020,3,23,2020,5,24
50,01093,2020,3,23,2020,5,24
51,01095,2020,3,23,2020,5,24
52,01097,2020,3,23,2020,5,24
53,01099,2020,3,23,2020,5,24
54,01101,2020,3,23,2020,5,24
55,01103,2020,3,23,2020,5,24
56,01105,2020,3,23,2020,5,24
57,01107,2020,3,23,2020,5,24
58,01109,2020,3,23,2020,5,24
59,01111,2020,3,23,2020,5,24
60,01113,2020,3,23,2020,5,24
61,01115,2020,3,23,2020,5,24
62,01117,2020,3,23,2020,5,24
63,01119,2020,3,23,2020,5,24
64,01121,2020,3,23,2020,5,24
65,01123,2020,3,23,2020,5,24
66,01125,2020,3,23,2020,5,24
67,01127,2020,3,23,2020,5,24
68,01129,2020,3,23,2020,5,24
69,01131,2020,3,23,2020,5,24
70,01133,2020,3,23,2020,5,24
71,02013,2020,3,23,2020,5,24
72,02016,2020,3,23,2020,5,24
73,02020,2020,3,23,2020,5,24
74,02050,2020,3,23,2020,5,24
75,02060,2020,3,23,2020,5,24
76,02068,2020,3,23,2020,5,24
77,02070,2020,3,23,2020,5,24
78,02090,2020,3,23,2020,5,24
79,02100,2020,3,23,2020,5,24
80,02105,2020,3,23,2020,5,24
81,02110,2020,3,23,2020,5,24
82,02122,2020,3,23,2020,5,24
83,02130,2020,3,23,2020,5,24
84,02150,2020,3,23,2020,5,24
85,02158,2020,3,23,2020,5,24
86,02164,2020,3,23,2020,5,24
87,02170,2020,3,23,2020,5,24
88,02180,2020,3,23,2020,5,24
89,02185,2020,3,23,2020,5,24
90,02188,2020,3,23,2020,5,24
91,02195,2020,3,23,2020,5,24
92,02198,2020,3,23,2020,5,24
93,02220,2020,3,23,2020,5,24
94,02230,2020,3,23,2020,5,24
95,02240,2020,3,23,2020,5,24
96,02261,2020,3,23,2020,5,24
97,02275,2020,3,23,2020,5,24
98,02282,2020,3,23,2020,5,24
99,02290,2020,3,23,2020,5,24
100,04001,2020,3,23,2020,5,24
101,04003,2020,3,23,2020,5,24
102,04005,2020,3,23,2020,5,24
103,04007,2020,3,23,2020,5,24
104,04009,2020,3,23,2020,5,24
105,04011,2020,3,23,2020,5,24
106,04012,2020,3,23,2020,5,24
107,04013,2020,3,23,2020,5,24
108,04015,2020,3,23,2020,5,24
109,04017,2020,3,23,2020,5,24
110,04019,2020,3,23,2020,5,24
111,04021,2020,3,23,2020,5,24
112,04023,2020,3,23,2020,5,24
113,04025,2020,3,23,2020,5,24
114,04027,2020,3,23,2020,5,24
115,05001,2020,3,23,2020,5,24
116,05003,2020,3,23,2020,5,24
117,05005,2020,3,23,2020,5,24
118,05007,2020,3,23,2020,5,24
119,05009,2020,3,23,2020,5,24
120,05011,2020,3,23,2020,5,24
121,05013,2020,3,23,2020,5,24
122,05015,2020,3,23,2020,5,24
123,05017,2020,3,23,2020,5,24
124,05019,2020,3,23,2020,5,24
125,05021,2020,3,23,2020,5,24
126,05023,2020,3,23,2020,5,24
127,05025,2020,3,23,2020,5,24
128,05027,2020,3,23,2020,5,24
129,05029,2020,3,23,2020,5,24
130,05031,2020,3,23,2020,5,24
131,05033,2020,3,23,2020,5,24
132,05035,2020,3,23,2020,5,24
133,05037,2020,3,23,2020,5,24
134,05039,2020,3,23,2020,5,24
135,05041,2020,3,23,2020,5,24
136,05043,2020,3,23,2020,5,24
137,05045,2020,3,23,2020,5,24
138,05047,2020,3,23,2020,5,24
139,05049,2020,3,23,2020,5,24
140,05051,2020,3,23,2020,5,24
141,05053,2020,3,23,2020,5,24
142,05055,2020,3,23,2020,5,24
143,05057,2020,3,23,2020,5,24
144,05059,2020,3,23,2020,5,24
145,05061,2020,3,23,2020,5,24
146,05063,2020,3,23,2020,5,24
147,05065,2020,3,23,2020,5,24
148,05067,2020,3,23,2020,5,24
149,05069,2020,3,23,2020,5,24
150,05071,2020,3,23,2020,5,24
151,05073,2020,3,23,2020,5,24
152,05075,2020,3,23,2020,5,24
153,05077,2020,3,23,2020,5,24
154,05079,2020,3,23,2020,5,24
155,05081,2020,3,23,2020,5,24
156,05083,2020,3,23,2020,5,24
157,05085,2020,3,23,2020,5,24
158,05087,2020,3,23,2020,5,24
159,05089,2020,3,23,2020,5,24
160,05091,2020,3,23,2020,5,24
161,05093,2020,3,23,2020,5,24
162,05095,2020,3,23,2020,5,24
163,05097,2020,3,23,2020,5,24
164,05099,2020,3,23,2020,5,24
165,05101,2020,3,23,2020,5,24
166,05103,2020,3,23,2020,5,24
167,05105,2020,3,23,2020,5,24
168,05107,2020,3,23,2020,5,24
169,05109,2020,3,23,2020,5,24
170,05111,2020,3,23,2020,5,24
171,05113,2020,3,23,2020,5,24
172,05115,2020,3,23,2020,5,24
173,05117,2020,3,23,2020,5,24
174,05119,2020,3,23,2020,5,24
175,05121,2020,3,23,2020,5,24
176,05123,2020,3,23,2020,5,24
177,05125,2020,3,23,2020,5,24
178,05127,2020,3,23,2020,5,24
179,05129,2020,3,23,2020,5,24
180,05131,2020,3,23,2020,5,24
181,05133,2020,3,23,2020,5,24
182,05135,2020,3,23,2020,5,24
183,05137,2020,3,23,2020,5,24
184,05139,2020,3,23,2020,5,24
185,05141,2020,3,23,2020,5,24
186,05143,2020,3,23,2020,5,24
187,05145,2020,3,23,2020,5,24
188,05147,2020,3,23,2020,5,24
189,05149,2020,3,23,2020,5,24
190,06001,2020,3,23,2020,5,24
191,06003,2020,3,23,2020,5,24
192,06005,2020,3,23,2020,5,24
193,06007,2020,3,23,2020,5,24
194,06009,2020,3,23,2020,5,24
195,06011,2020,3,23,2020,5,24
196,06013,2020,3,23,2020,5,24
197,06015,2020,3,23,2020,5,24
198,06017,2020,3,23,2020,5,24
199,06019,2020,3,23,2020,5,24
200,06021,2020,3,23,2020,5,24
201,06023,2020,3,23,2020,5,24
202,06025,2020,3,23,2020,5,24
203,06027,2020,3,23,2020,5,24
204,06029,2020,3,23,2020,5,24
205,06031,2020,3,23,2020,5,24
206,06033,2020,3,23,2020,5,24
207,06035,2020,3,23,2020,5,24
208,06037,2020,3,23,2020,5,24
209,06039,2020,3,23,2020,5,24
210,06041,2020,3,23,2020,5,24
211,06043,2020,3,23,2020,5,24
212,06045,2020,3,23,2020,5,24
213,06047,2020,3,23,2020,5,24
214,06049,2020,3,23,2020,5,24
215,06051,2020,3,23,2020,5,24
216,06053,2020,3,23,2020,5,24
217,06055,2020,3,23,2020,5,24
218,06057,2020,3,23,2020,5,24
219,06059,2020,3,23,2020,5,24
220,06061,2020,3,23,2020,5,24
221,06063,2020,3,23,2020,5,24
222,06065,2020,3,23,2020,5,24
223,06067,2020,3,23,2020,5,24
224,06069,2020,3,23,2020,5,24
225,06071,2020,3,23,2020,5,24
226,06073,2020,3,23,2020,5,24
227,06075,2020,3,23,2020,5,24
228,06077,2020,3,23,2020,5,24
229,06079,2020,3,23,2020,5,24
230,06081,2020,3,23,2020,5,24
231,06083,2020,3,23,2020,5,24
232,06085,2020,3,23,2020,5,24
233,06087,2020,3,23,2020,5,24
234,06089,2020,3,23,2020,5,24
235,06091,2020,3,23,2020,5,24
236,06093,2020,3,23,2020,5,24
237,06095,2020,3,23,2020,5,24
238,06097,2020,3,23,2020,5,24
239,06099,2020,3,23,2020,5,24
240,06101,2020,3,23,2020,5,24
241,06103,2020,3,23,2020,5,24
242,06105,2020,3,23,2020,5,24
243,06107,2020,3,23,2020,5,24
244,06109,2020,3,23,2020,5,24
245,06111,2020,3,23,2020,5,24
246,06113,2020,3,23,2020,5,24
247,06115,2020,3,23,2020,5,24
248,08001,2020,3,23,2020,5,24
249,08003,2020,3,23,2020,5,24
250,08005,2020,3,23,2020,5,24
251,08007,2020,3,23,2020,5,24
252,08009,2020,3,23,2020,5,24
253,08011,2020,3,23,2020,5,24
254,08013,2020,3,23,2020,5,24
255,08014,2020,3,23,2020,5,24
256,08015,2020,3,23,2020,5,24
257,08017,2020,3,23,2020,5,24
258,08019,2020,3,23,2020,5,24
259,08021,2020,3,23,2020,5,24
260,08023,2020,3,23,2020,5,24
261,08025,2020,3,23,2020,5,24
262,08027,2020,3,23,2020,5,24
263,08029,2020,3,23,2020,5,24
264,08031,2020,3,23,2020,5,24
265,08033,2020,3,23,2020,5,24
266,08035,2020,3,23,2020,5,24
267,08037,2020,3,23,2020,5,24
268,08039,2020,3,23,2020,5,24
269,08041,2020,3,23,2020,5,24
270,08043,2020,3,23,2020,5,24
271,08045,2020,3,23,2020,5,24
272,08047,2020,3,23,2020,5,24
273,08049,2020,3,23,2020,5,24
274,08051,2020,3,23,2020,5,24
275,08053,2020,3,23,2020,5,24
276,08055,2020,3,23,2020,5,24
277,08057,2020,3,23,2020,5,24
278,08059,2020,3,23,2020,5,24
279,08061,2020,3,23,2020,5,24
280,08063,2020,3,23,2020,5,24
281,08065,2020,3,23,2020,5,24
282,08067,2020,3,23,2020,5,24
283,08069,2020,3,23,2020,5,24
284,08071,2020,3,23,2020,5,24
285,08073,2020,3,23,2020,5,24
286,08075,2020,3,23,2020,5,24
287,08077,2020,3,23,2020,5,24
288,08079,2020,3,23,2020,5,24
289,08081,2020,3,23,2020,5,24
290,08083,2020,3,23,2020,5,24
291,08085,2020,3,23,2020,5,24
292,08087,2020,3,23,2020,5,24
293,08089,2020,3,23,2020,5,24
294,08091,2020,3,23,2020,5,24
295,08093,2020,3,23,2020,5,24
296,08095,2020,3,23,2020,5,24
297,08097,2020,3,23,2020,5,24
298,08099,2020,3,23,2020,5,24
299,08101,2020,3,23,2020,5,24
300,08103,2020,3,23,2020,5,24
301,08105,2020,3,23,2020,5,24
302,08107,2020,3,23,2020,5,24
303,08109,2020,3,23,2020,5,24
304,08111,2020,3,23,2020,5,24
305,08113,2020,3,23,2020,5,24
306,08115,2020,3,23,2020,5,24
307,08117,2020,3,23,2020,5,24
308,08119,2020,3,23,2020,5,24
309,08121,2020,3,23,2020,5,24
310,08123,2020,3,23,2020,5,24
311,08125,2020,3,23,2020,5,24
312,09001,2020,3,23,2020,5,24
313,09003,2020,3,23,2020,5,24
314,09005,2020,3,23,2020,5,24
315,09007,2020,3,23,2020,5,24
316,09009,2020,3,23,2020,5,24
317,09011,2020,3,23,2020,5,24
318,09013,2020,3,23,2020,5,24
319,09015,2020,3,23,2020,5,24
320,10001,2020,3,23,2020,5,24
321,10003,2020,3,23,2020,5,24
322,10005,2020,3,23,2020,5,24
323,11001,2020,3,23,2020,5,24
324,12001,2020,3,23,2020,5,24
325,12003,2020,3,23,2020,5,24
326,12005,2020,3,23,2020,5,24
327,12007,2020,3,23,2020,5,24
328,12009,2020,3,23,2020,5,24
329,12011,2020,3,23,2020,5,24
330,12013,2020,3,23,2020,5,24
331,12015,2020,3,23,2020,5,24
332,12017,2020,3,23,2020,5,24
333,12019,2020,3,23,2020,5,24
334,12021,2020,3,23,2020,5,24
335,12023,2020,3,23,2020,5,24
336,12027,2020,3,23,2020,5,24
337,12029,2020,3,23,2020,5,24
338,12031,2020,3,23,2020,5,24
339,12033,2020,3,23,2020,5,24
340,12035,2020,3,23,2020,5,24
341,12037,2020,3,23,2020,5,24
342,12039,2020,3,23,2020,5,24
343,12041,2020,3,23,2020,5,24
344,12043,2020,3,23,2020,5,24
345,12045,2020,3,23,2020,5,24
346,12047,2020,3,23,2020,5,24
347,12049,2020,3,23,2020,5,24
348,12051,2020,3,23,2020,5,24
349,12053,2020,3,23,2020,5,24
350,12055,2020,3,23,2020,5,24
351,12057,2020,3,23,2020,5,24
352,12059,2020,3,23,2020,5,24
353,12061,2020,3,23,2020,5,24
354,12063,2020,3,23,2020,5,24
355,12065,2020,3,23,2020,5,24
356,12067,2020,3,23,2020,5,24
357,12069,2020,3,23,2020,5,24
358,12071,2020,3,23,2020,5,24
359,12073,2020,3,23,2020,5,24
360,12075,2020,3,23,2020,5,24
361,12077,2020,3,23,2020,5,24
362,12079,2020,3,23,2020,5,24
363,12081,2020,3,23,2020,5,24
364,12083,2020,3,23,2020,5,24
365,12085,2020,3,23,2020,5,24
366,12086,2020,3,23,2020,5,24
367,12087,2020,3,23,2020,5,24
368,12089,2020,3,23,2020,5,24
369,12091,2020,3,23,2020,5,24
370,12093,2020,3,23,2020,5,24
371,12095,2020,3,23,2020,5,24
372,12097,2020,3,23,2020,5,24
373,12099,2020,3,23,2020,5,24
374,12101,2020,3,23,2020,5,24
375,12103,2020,3,23,2020,5,24
376,12105,2020,3,23,2020,5,24
377,12107,2020,3,23,2020,5,24
378,12109,2020,3,23,2020,5,24
379,12111,2020,3,23,2020,5,24
380,12113,2020,3,23,2020,5,24
381,12115,2020,3,23,2020,5,24
382,12117,2020,3,23,2020,5,24
383,12119,2020,3,23,2020,5,24
384,12121,2020,3,23,2020,5,24
385,12123,2020,3,23,2020,5,24
386,12125,2020,3,23,2020,5,24
387,12127,2020,3,23,2020,5,24
388,12129,2020,3,23,2020,5,24
389,12131,2020,3,23,2020,5,24
390,12133,2020,3,23,2020,5,24
391,13001,2020,3,23,2020,5,24
392,13003,2020,3,23,2020,5,24
393,13005,2020,3,23,2020,5,24
394,13007,2020,3,23,2020,5,24
395,13009,2020,3,23,2020,5,24
396,13011,2020,3,23,2020,5,24
397,13013,2020,3,23,2020,5,24
398,13015,2020,3,23,2020,5,24
399,13017,2020,3,23,2020,5,24
400,13019,2020,3,23,2020,5,24
401,13021,2020,3,23,2020,5,24
402,13023,2020,3,23,2020,5,24
403,13025,2020,3,23,2020,5,24
404,13027,2020,3,23,2020,5,24
405,13029,2020,3,23,2020,5,24
406,13031,2020,3,23,2020,5,24
407,13033,2020,3,23,2020,5,24
408,13035,2020,3,23,2020,5,24
409,13037,2020,3,23,2020,5,24
410,13039,2020,3,23,2020,5,24
411,13043,2020,3,23,2020,5,24
412,13045,2020,3,23,2020,5,24
413,13047,2020,3,23,2020,5,24
414,13049,2020,3,23,2020,5,24
415,13051,2020,3,23,2020,5,24
416,13053,2020,3,23,2020,5,24
417,13055,2020,3,23,2020,5,24
418,13057,2020,3,23,2020,5,24
419,13059,2020,3,23,2020,5,24
420,13061,2020,3,23,2020,5,24
421,13063,2020,3,23,2020,5,24
422,13065,2020,3,23,2020,5,24
423,13067,2020,3,23,2020,5,24
424,13069,2020,3,23,2020,5,24
425,13071,2020,3,23,2020,5,24
426,13073,2020,3,23,2020,5,24
427,13075,2020,3,23,2020,5,24
428,13077,2020,3,23,2020,5,24
429,13079,2020,3,23,2020,5,24
430,13081,2020,3,23,2020,5,24
431,13083,2020,3,23,2020,5,24
432,13085,2020,3,23,2020,5,24
433,13087,2020,3,23,2020,5,24
434,13089,2020,3,23,2020,5,24
435,13091,2020,3,23,2020,5,24
436,13093,2020,3,23,2020,5,24
437,13095,2020,3,23,2020,5,24
438,13097,2020,3,23,2020,5,24
439,13099,2020,3,23,2020,5,24
440,13101,2020,3,23,2020,5,24
441,13103,2020,3,23,2020,5,24
442,13105,2020,3,23,2020,5,24
443,13107,2020,3,23,2020,5,24
444,13109,2020,3,23,2020,5,24
445,13111,2020,3,23,2020,5,24
446,13113,2020,3,23,2020,5,24
447,13115,2020,3,23,2020,5,24
448,13117,2020,3,23,2020,5,24
449,13119,2020,3,23,2020,5,24
450,13121,2020,3,23,2020,5,24
451,13123,2020,3,23,2020,5,24
452,13125,2020,3,23,2020,5,24
453,13127,2020,3,23,2020,5,24
454,13129,2020,3,23,2020,5,24
455,13131,2020,3,23,2020,5,24
456,13133,2020,3,23,2020,5,24
457,13135,2020,3,23,2020,5,24
458,13137,2020,3,23,2020,5,24
459,13139,2020,3,23,2020,5,24
460,13141,2020,3,23,2020,5,24
461,13143,2020,3,23,2020,5,24
462,13145,2020,3,23,2020,5,24
463,13147,2020,3,23,2020,5,24
464,13149,2020,3,23,2020,5,24
465,13151,2020,3,23,2020,5,24
466,13153,2020,3,23,2020,5,24
467,13155,2020,3,23,2020,5,24
468,13157,2020,3,23,2020,5,24
469,13159,2020,3,23,2020,5,24
470,13161,2020,3,23,2020,5,24
471,13163,2020,3,23,2020,5,24
472,13165,2020,3,23,2020,5,24
473,13167,2020,3,23,2020,5,24
474,13169,2020,3,23,2020,5,24
475,13171,2020,3,23,2020,5,24
476,13173,2020,3,23,2020,5,24
477,13175,2020,3,23,2020,5,24
478,13177,2020,3,23,2020,5,24
479,13179,2020,3,23,2020,5,24
480,13181,2020,3,23,2020,5,24
481,13183,2020,3,23,2020,5,24
482,13185,2020,3,23,2020,5,24
483,13187,2020,3,23,2020,5,24
484,13189,2020,3,23,2020,5,24
485,13191,2020,3,23,2020,5,24
486,13193,2020,3,23,2020,5,24
487,13195,2020,3,23,2020,5,24
488,13197,2020,3,23,2020,5,24
489,13199,2020,3,23,2020,5,24
490,13201,2020,3,23,2020,5,24
491,13205,2020,3,23,2020,5,24
492,13207,2020,3,23,2020,5,24
493,13209,2020,3,23,2020,5,24
494,13211,2020,3,23,2020,5,24
495,13213,2020,3,23,2020,5,24
496,13215,2020,3,23,2020,5,24
497,13217,2020,3,23,2020,5,24
498,13219,2020,3,23,2020,5,24
499,13221,2020,3,23,2020,5,24
500,13223,2020,3,23,2020,5,24
501,13225,2020,3,23,2020,5,24
502,13227,2020,3,23,2020,5,24
503,13229,2020,3,23,2020,5,24
504,13231,2020,3,23,2020,5,24
505,13233,2020,3,23,2020,5,24
506,13235,2020,3,23,2020,5,24
507,13237,2020,3,23,2020,5,24
508,13239,2020,3,23,2020,5,24
509,13241,2020,3,23,2020,5,24
510,13243,2020,3,23,2020,5,24
511,13245,2020,3,23,2020,5,24
512,13247,2020,3,23,2020,5,24
513,13249,2020,3,23,2020,5,24
514,13251,2020,3,23,2020,5,24
515,13253,2020,3,23,2020,5,24
516,13255,2020,3,23,2020,5,24
517,13257,2020,3,23,2020,5,24
518,13259,2020,3,23,2020,5,24
519,13261,2020,3,23,2020,5,24
520,13263,2020,3,23,2020,5,24
521,13265,2020,3,23,2020,5,24
522,13267,2020,3,23,2020,5,24
523,13269,2020,3,23,2020,5,24
524,13271,2020,3,23,2020,5,24
525,13273,2020,3,23,2020,5,24
526,13275,2020,3,23,2020,5,24
527,13277,2020,3,23,2020,5,24
528,13279,2020,3,23,2020,5,24
529,13281,2020,3,23,2020,5,24
530,13283,2020,3,23,2020,5,24
531,13285,2020,3,23,2020,5,24
532,13287,2020,3,23,2020,5,24
533,13289,2020,3,23,2020,5,24
534,13291,2020,3,23,2020,5,24
535,13293,2020,3,23,2020,5,24
536,13295,2020,3,23,2020,5,24
537,13297,2020,3,23,2020,5,24
538,13299,2020,3,23,2020,5,24
539,13301,2020,3,23,2020,5,24
540,13303,2020,3,23,2020,5,24
541,13305,2020,3,23,2020,5,24
542,13307,2020,3,23,2020,5,24
543,13309,2020,3,23,2020,5,24
544,13311,2020,3,23,2020,5,24
545,13313,2020,3,23,2020,5,24
546,13315,2020,3,23,2020,5,24
547,13317,2020,3,23,2020,5,24
548,13319,2020,3,23,2020,5,24
549,13321,2020,3,23,2020,5,24
550,15001,2020,3,23,2020,5,24
551,15003,2020,3,23,2020,5,24
552,15005,2020,3,23,2020,5,24
553,15007,2020,3,23,2020,5,24
554,15009,2020,3,23,2020,5,24
555,16001,2020,3,23,2020,5,24
556,16003,2020,3,23,2020,5,24
557,16005,2020,3,23,2020,5,24
558,16007,2020,3,23,2020,5,24
559,16009,2020,3,23,2020,5,24
560,16011,2020,3,23,2020,5,24
561,16013,2020,3,23,2020,5,24
562,16015,2020,3,23,2020,5,24
563,16017,2020,3,23,2020,5,24
564,16019,2020,3,23,2020,5,24
565,16021,2020,3,23,2020,5,24
566,16023,2020,3,23,2020,5,24
567,16025,2020,3,23,2020,5,24
568,16027,2020,3,23,2020,5,24
569,16029,2020,3,23,2020,5,24
570,16031,2020,3,23,2020,5,24
571,16033,2020,3,23,2020,5,24
572,16035,2020,3,23,2020,5,24
573,16037,2020,3,23,2020,5,24
574,16039,2020,3,23,2020,5,24
575,16041,2020,3,23,2020,5,24
576,16043,2020,3,23,2020,5,24
577,16045,2020,3,23,2020,5,24
578,16047,2020,3,23,2020,5,24
579,16049,2020,3,23,2020,5,24
580,16051,2020,3,23,2020,5,24
581,16053,2020,3,23,2020,5,24
582,16055,2020,3,23,2020,5,24
583,16057,2020,3,23,2020,5,24
584,16059,2020,3,23,2020,5,24
585,16061,2020,3,23,2020,5,24
586,16063,2020,3,23,2020,5,24
587,16065,2020,3,23,2020,5,24
588,16067,2020,3,23,2020,5,24
589,16069,2020,3,23,2020,5,24
590,16071,2020,3,23,2020,5,24
591,16073,2020,3,23,2020,5,24
592,16075,2020,3,23,2020,5,24
593,16077,2020,3,23,2020,5,24
594,16079,2020,3,23,2020,5,24
595,16081,2020,3,23,2020,5,24
596,16083,2020,3,23,2020,5,24
597,16085,2020,3,23,2020,5,24
598,16087,2020,3,23,2020,5,24
599,17001,2020,3,23,2020,5,24
600,17003,2020,3,23,2020,5,24
601,17005,2020,3,23,2020,5,24
602,17007,2020,3,23,2020,5,24
603,17009,2020,3,23,2020,5,24
604,17011,2020,3,23,2020,5,24
605,17013,2020,3,23,2020,5,24
606,17015,2020,3,23,2020,5,24
607,17017,2020,3,23,2020,5,24
608,17019,2020,3,23,2020,5,24
609,17021,2020,3,23,2020,5,24
610,17023,2020,3,23,2020,5,24
611,17025,2020,3,23,2020,5,24
612,17027,2020,3,23,2020,5,24
613,17029,2020,3,23,2020,5,24
614,17031,2020,3,23,2020,5,24
615,17033,2020,3,23,2020,5,24
616,17035,2020,3,23,2020,5,24
617,17037,2020,3,23,2020,5,24
618,17039,2020,3,23,2020,5,24
619,17041,2020,3,23,2020,5,24
620,17043,2020,3,23,2020,5,24
621,17045,2020,3,23,2020,5,24
622,17047,2020,3,23,2020,5,24
623,17049,2020,3,23,2020,5,24
624,17051,2020,3,23,2020,5,24
625,17053,2020,3,23,2020,5,24
626,17055,2020,3,23,2020,5,24
627,17057,2020,3,23,2020,5,24
628,17059,2020,3,23,2020,5,24
629,17061,2020,3,23,2020,5,24
630,17063,2020,3,23,2020,5,24
631,17065,2020,3,23,2020,5,24
632,17067,2020,3,23,2020,5,24
633,17069,2020,3,23,2020,5,24
634,17071,2020,3,23,2020,5,24
635,17073,2020,3,23,2020,5,24
636,17075,2020,3,23,2020,5,24
637,17077,2020,3,23,2020,5,24
638,17079,2020,3,23,2020,5,24
639,17081,2020,3,23,2020,5,24
640,17083,2020,3,23,2020,5,24
641,17085,2020,3,23,2020,5,24
642,17087,2020,3,23,2020,5,24
643,17089,2020,3,23,2020,5,24
644,17091,2020,3,23,2020,5,24
645,17093,2020,3,23,2020,5,24
646,17095,2020,3,23,2020,5,24
647,17097,2020,3,23,2020,5,24
648,17099,2020,3,23,2020,5,24
649,17101,2020,3,23,2020,5,24
650,17103,2020,3,23,2020,5,24
651,17105,2020,3,23,2020,5,24
652,17107,2020,3,23,2020,5,24
653,17109,2020,3,23,2020,5,24
654,17111,2020,3,23,2020,5,24
655,17113,2020,3,23,2020,5,24
656,17115,2020,3,23,2020,5,24
657,17117,2020,3,23,2020,5,24
658,17119,2020,3,23,2020,5,24
659,17121,2020,3,23,2020,5,24
660,17123,2020,3,23,2020,5,24
661,17125,2020,3,23,2020,5,24
662,17127,2020,3,23,2020,5,24
663,17129,2020,3,23,2020,5,24
664,17131,2020,3,23,2020,5,24
665,17133,2020,3,23,2020,5,24
666,17135,2020,3,23,2020,5,24
667,17137,2020,3,23,2020,5,24
668,17139,2020,3,23,2020,5,24
669,17141,2020,3,23,2020,5,24
670,17143,2020,3,23,2020,5,24
671,17145,2020,3,23,2020,5,24
672,17147,2020,3,23,2020,5,24
673,17149,2020,3,23,2020,5,24
674,17151,2020,3,23,2020,5,24
675,17153,2020,3,23,2020,5,24
676,17155,2020,3,23,2020,5,24
677,17157,2020,3,23,2020,5,24
678,17159,2020,3,23,2020,5,24
679,17161,2020,3,23,2020,5,24
680,17163,2020,3,23,2020,5,24
681,17165,2020,3,23,2020,5,24
682,17167,2020,3,23,2020,5,24
683,17169,2020,3,23,2020,5,24
684,17171,2020,3,23,2020,5,24
685,17173,2020,3,23,2020,5,24
686,17175,2020,3,23,2020,5,24
687,17177,2020,3,23,2020,5,24
688,17179,2020,3,23,2020,5,24
689,17181,2020,3,23,2020,5,24
690,17183,2020,3,23,2020,5,24
691,17185,2020,3,23,2020,5,24
692,17187,2020,3,23,2020,5,24
693,17189,2020,3,23,2020,5,24
694,17191,2020,3,23,2020,5,24
695,17193,2020,3,23,2020,5,24
696,17195,2020,3,23,2020,5,24
697,17197,2020,3,23,2020,5,24
698,17199,2020,3,23,2020,5,24
699,17201,2020,3,23,2020,5,24
700,17203,2020,3,23,2020,5,24
701,18001,2020,3,23,2020,5,24
702,18003,2020,3,23,2020,5,24
703,18005,2020,3,23,2020,5,24
704,18007,2020,3,23,2020,5,24
705,18009,2020,3,23,2020,5,24
706,18011,2020,3,23,2020,5,24
707,18013,2020,3,23,2020,5,24
708,18015,2020,3,23,2020,5,24
709,18017,2020,3,23,2020,5,24
710,18019,2020,3,23,2020,5,24
711,18021,2020,3,23,2020,5,24
712,18023,2020,3,23,2020,5,24
713,18025,2020,3,23,2020,5,24
714,18027,2020,3,23,2020,5,24
715,18029,2020,3,23,2020,5,24
716,18031,2020,3,23,2020,5,24
717,18033,2020,3,23,2020,5,24
718,18035,2020,3,23,2020,5,24
719,18037,2020,3,23,2020,5,24
720,18039,2020,3,23,2020,5,24
721,18041,2020,3,23,2020,5,24
722,18043,2020,3,23,2020,5,24
723,18045,2020,3,23,2020,5,24
724,18047,2020,3,23,2020,5,24
725,18049,2020,3,23,2020,5,24
726,18051,2020,3,23,2020,5,24
727,18053,2020,3,23,2020,5,24
728,18055,2020,3,23,2020,5,24
729,18057,2020,3,23,2020,5,24
730,18059,2020,3,23,2020,5,24
731,18061,2020,3,23,2020,5,24
732,18063,2020,3,23,2020,5,24
733,18065,2020,3,23,2020,5,24
734,18067,2020,3,23,2020,5,24
735,18069,2020,3,23,2020,5,24
736,18071,2020,3,23,2020,5,24
737,18073,2020,3,23,2020,5,24
738,18075,2020,3,23,2020,5,24
739,18077,2020,3,23,2020,5,24
740,18079,2020,3,23,2020,5,24
741,18081,2020,3,23,2020,5,24
742,18083,2020,3,23,2020,5,24
743,18085,2020,3,23,2020,5,24
744,18087,2020,3,23,2020,5,24
745,18089,2020,3,23,2020,5,24
746,18091,2020,3,23,2020,5,24
747,18093,2020,3,23,2020,5,24
748,18095,2020,3,23,2020,5,24
749,18097,2020,3,23,2020,5,24
750,18099,2020,3,23,2020,5,24
751,18101,2020,3,23,2020,5,24
752,18103,2020,3,23,2020,5,24
753,18105,2020,3,23,2020,5,24
754,18107,2020,3,23,2020,5,24
755,18109,2020,3,23,2020,5,24
756,18111,2020,3,23,2020,5,24
757,18113,2020,3,23,2020,5,24
758,18115,2020,3,23,2020,5,24
759,18117,2020,3,23,2020,5,24
760,18119,2020,3,23,2020,5,24
761,18121,2020,3,23,2020,5,24
762,18123,2020,3,23,2020,5,24
763,18125,2020,3,23,2020,5,24
764,18127,2020,3,23,2020,5,24
765,18129,2020,3,23,2020,5,24
766,18131,2020,3,23,2020,5,24
767,18133,2020,3,23,2020,5,24
768,18135,2020,3,23,2020,5,24
769,18137,2020,3,23,2020,5,24
770,18139,2020,3,23,2020,5,24
771,18141,2020,3,23,2020,5,24
772,18143,2020,3,23,2020,5,24
773,18145,2020,3,23,2020,5,24
774,18147,2020,3,23,2020,5,24
775,18149,2020,3,23,2020,5,24
776,18151,2020,3,23,2020,5,24
777,18153,2020,3,23,2020,5,24
778,18155,2020,3,23,2020,5,24
779,18157,2020,3,23,2020,5,24
780,18159,2020,3,23,2020,5,24
781,18161,2020,3,23,2020,5,24
782,18163,2020,3,23,2020,5,24
783,18165,2020,3,23,2020,5,24
784,18167,2020,3,23,2020,5,24
785,18169,2020,3,23,2020,5,24
786,18171,2020,3,23,2020,5,24
787,18173,2020,3,23,2020,5,24
788,18175,2020,3,23,2020,5,24
789,18177,2020,3,23,2020,5,24
790,18179,2020,3,23,2020,5,24
791,18181,2020,3,23,2020,5,24
792,18183,2020,3,23,2020,5,24
793,19001,2020,3,23,2020,5,24
794,19003,2020,3,23,2020,5,24
795,19005,2020,3,23,2020,5,24
796,19007,2020,3,23,2020,5,24
797,19009,2020,3,23,2020,5,24
798,19011,2020,3,23,2020,5,24
799,19013,2020,3,23,2020,5,24
800,19015,2020,3,23,2020,5,24
801,19017,2020,3,23,2020,5,24
802,19019,2020,3,23,2020,5,24
803,19021,2020,3,23,2020,5,24
804,19023,2020,3,23,2020,5,24
805,19025,2020,3,23,2020,5,24
806,19027,2020,3,23,2020,5,24
807,19029,2020,3,23,2020,5,24
808,19031,2020,3,23,2020,5,24
809,19033,2020,3,23,2020,5,24
810,19035,2020,3,23,2020,5,24
811,19037,2020,3,23,2020,5,24
812,19039,2020,3,23,2020,5,24
813,19041,2020,3,23,2020,5,24
814,19043,2020,3,23,2020,5,24
815,19045,2020,3,23,2020,5,24
816,19047,2020,3,23,2020,5,24
817,19049,2020,3,23,2020,5,24
818,19051,2020,3,23,2020,5,24
819,19053,2020,3,23,2020,5,24
820,19055,2020,3,23,2020,5,24
821,19057,2020,3,23,2020,5,24
822,19059,2020,3,23,2020,5,24
823,19061,2020,3,23,2020,5,24
824,19063,2020,3,23,2020,5,24
825,19065,2020,3,23,2020,5,24
826,19067,2020,3,23,2020,5,24
827,19069,2020,3,23,2020,5,24
828,19071,2020,3,23,2020,5,24
829,19073,2020,3,23,2020,5,24
830,19075,2020,3,23,2020,5,24
831,19077,2020,3,23,2020,5,24
832,19079,2020,3,23,2020,5,24
833,19081,2020,3,23,2020,5,24
834,19083,2020,3,23,2020,5,24
835,19085,2020,3,23,2020,5,24
836,19087,2020,3,23,2020,5,24
837,19089,2020,3,23,2020,5,24
838,19091,2020,3,23,2020,5,24
839,19093,2020,3,23,2020,5,24
840,19095,2020,3,23,2020,5,24
841,19097,2020,3,23,2020,5,24
842,19099,2020,3,23,2020,5,24
843,19101,2020,3,23,2020,5,24
844,19103,2020,3,23,2020,5,24
845,19105,2020,3,23,2020,5,24
846,19107,2020,3,23,2020,5,24
847,19109,2020,3,23,2020,5,24
848,19111,2020,3,23,2020,5,24
849,19113,2020,3,23,2020,5,24
850,19115,2020,3,23,2020,5,24
851,19117,2020,3,23,2020,5,24
852,19119,2020,3,23,2020,5,24
853,19121,2020,3,23,2020,5,24
854,19123,2020,3,23,2020,5,24
855,19125,2020,3,23,2020,5,24
856,19127,2020,3,23,2020,5,24
857,19129,2020,3,23,2020,5,24
858,19131,2020,3,23,2020,5,24
859,19133,2020,3,23,2020,5,24
860,19135,2020,3,23,2020,5,24
861,19137,2020,3,23,2020,5,24
862,19139,2020,3,23,2020,5,24
863,19141,2020,3,23,2020,5,24
864,19143,2020,3,23,2020,5,24
865,19145,2020,3,23,2020,5,24
866,19147,2020,3,23,2020,5,24
867,19149,2020,3,23,2020,5,24
868,19151,2020,3,23,2020,5,24
869,19153,2020,3,23,2020,5,24
870,19155,2020,3,23,2020,5,24
871,19157,2020,3,23,2020,5,24
872,19159,2020,3,23,2020,5,24
873,19161,2020,3,23,2020,5,24
874,19163,2020,3,23,2020,5,24
875,19165,2020,3,23,2020,5,24
876,19167,2020,3,23,2020,5,24
877,19169,2020,3,23,2020,5,24
878,19171,2020,3,23,2020,5,24
879,19173,2020,3,23,2020,5,24
880,19175,2020,3,23,2020,5,24
881,19177,2020,3,23,2020,5,24
882,19179,2020,3,23,2020,5,24
883,19181,2020,3,23,2020,5,24
884,19183,2020,3,23,2020,5,24
885,19185,2020,3,23,2020,5,24
886,19187,2020,3,23,2020,5,24
887,19189,2020,3,23,2020,5,24
888,19191,2020,3,23,2020,5,24
889,19193,2020,3,23,2020,5,24
890,19195,2020,3,23,2020,5,24
891,19197,2020,3,23,2020,5,24
892,20001,2020,3,23,2020,5,24
893,20003,2020,3,23,2020,5,24
894,20005,2020,3,23,2020,5,24
895,20007,2020,3,23,2020,5,24
896,20009,2020,3,23,2020,5,24
897,20011,2020,3,23,2020,5,24
898,20013,2020,3,23,2020,5,24
899,20015,2020,3,23,2020,5,24
900,20017,2020,3,23,2020,5,24
901,20019,2020,3,23,2020,5,24
902,20021,2020,3,23,2020,5,24
903,20023,2020,3,23,2020,5,24
904,20025,2020,3,23,2020,5,24
905,20027,2020,3,23,2020,5,24
906,20029,2020,3,23,2020,5,24
907,20031,2020,3,23,2020,5,24
908,20033,2020,3,23,2020,5,24
909,20035,2020,3,23,2020,5,24
910,20037,2020,3,23,2020,5,24
911,20039,2020,3,23,2020,5,24
912,20041,2020,3,23,2020,5,24
913,20043,2020,3,23,2020,5,24
914,20045,2020,3,23,2020,5,24
915,20047,2020,3,23,2020,5,24
916,20049,2020,3,23,2020,5,24
917,20051,2020,3,23,2020,5,24
918,20053,2020,3,23,2020,5,24
919,20055,2020,3,23,2020,5,24
920,20057,2020,3,23,2020,5,24
921,20059,2020,3,23,2020,5,24
922,20061,2020,3,23,2020,5,24
923,20063,2020,3,23,2020,5,24
924,20065,2020,3,23,2020,5,24
925,20067,2020,3,23,2020,5,24
926,20069,2020,3,23,2020,5,24
927,20071,2020,3,23,2020,5,24
928,20073,2020,3,23,2020,5,24
929,20075,2020,3,23,2020,5,24
930,20077,2020,3,23,2020,5,24
931,20079,2020,3,23,2020,5,24
932,20081,2020,3,23,2020,5,24
933,20083,2020,3,23,2020,5,24
934,20085,2020,3,23,2020,5,24
935,20087,2020,3,23,2020,5,24
936,20089,2020,3,23,2020,5,24
937,20091,2020,3,23,2020,5,24
938,20093,2020,3,23,2020,5,24
939,20095,2020,3,23,2020,5,24
940,20097,2020,3,23,2020,5,24
941,20099,2020,3,23,2020,5,24
942,20101,2020,3,23,2020,5,24
943,20103,2020,3,23,2020,5,24
944,20105,2020,3,23,2020,5,24
945,20107,2020,3,23,2020,5,24
946,20109,2020,3,23,2020,5,24
947,20111,2020,3,23,2020,5,24
948,20113,2020,3,23,2020,5,24
949,20115,2020,3,23,2020,5,24
950,20117,2020,3,23,2020,5,24
951,20119,2020,3,23,2020,5,24
952,20121,2020,3,23,2020,5,24
953,20123,2020,3,23,2020,5,24
954,20125,2020,3,23,2020,5,24
955,20127,2020,3,23,2020,5,24
956,20129,2020,3,23,2020,5,24
957,20131,2020,3,23,2020,5,24
958,20133,2020,3,23,2020,5,24
959,20135,2020,3,23,2020,5,24
960,20137,2020,3,23,2020,5,24
961,20139,2020,3,23,2020,5,24
962,20141,2020,3,23,2020,5,24
963,20143,2020,3,23,2020,5,24
964,20145,2020,3,23,2020,5,24
965,20147,2020,3,23,2020,5,24
966,20149,2020,3,23,2020,5,24
967,20151,2020,3,23,2020,5,24
968,20153,2020,3,23,2020,5,24
969,20155,2020,3,23,2020,5,24
970,20157,2020,3,23,2020,5,24
971,20159,2020,3,23,2020,5,24
972,20161,2020,3,23,2020,5,24
973,20163,2020,3,23,2020,5,24
974,20165,2020,3,23,2020,5,24
975,20167,2020,3,23,2020,5,24
976,20169,2020,3,23,2020,5,24
977,20171,2020,3,23,2020,5,24
978,20173,2020,3,23,2020,5,24
979,20175,2020,3,23,2020,5,24
980,20177,2020,3,23,2020,5,24
981,20179,2020,3,23,2020,5,24
982,20181,2020,3,23,2020,5,24
983,20183,2020,3,23,2020,5,24
984,20185,2020,3,23,2020,5,24
985,20187,2020,3,23,2020,5,24
986,20189,2020,3,23,2020,5,24
987,20191,2020,3,23,2020,5,24
988,20193,2020,3,23,2020,5,24
989,20195,2020,3,23,2020,5,24
990,20197,2020,3,23,2020,5,24
991,20199,2020,3,23,2020,5,24
992,20201,2020,3,23,2020,5,24
993,20203,2020,3,23,2020,5,24
994,20205,2020,3,23,2020,5,24
995,20207,2020,3,23,2020,5,24
996,20209,2020,3,23,2020,5,24
997,21001,2020,3,23,2020,5,24
998,21003,2020,3,23,2020,5,24
999,21005,2020,3,23,2020,5,24
1000,21007,2020,3,23,2020,5,24
1001,21009,2020,3,23,2020,5,24
1002,21011,2020,3,23,2020,5,24
1003,21013,2020,3,23,2020,5,24
1004,21015,2020,3,23,2020,5,24
1005,21017,2020,3,23,2020,5,24
1006,21019,2020,3,23,2020,5,24
1007,21021,2020,3,23,2020,5,24
1008,21023,2020,3,23,2020,5,24
1009,21025,2020,3,23,2020,5,24
1010,21027,2020,3,23,2020,5,24
1011,21029,2020,3,23,2020,5,24
1012,21031,2020,3,23,2020,5,24
1013,21033,2020,3,23,2020,5,24
1014,21035,2020,3,23,2020,5,24
1015,21037,2020,3,23,2020,5,24
1016,21039,2020,3,23,2020,5,24
1017,21041,2020,3,23,2020,5,24
1018,21043,2020,3,23,2020,5,24
1019,21045,2020,3,23,2020,5,24
1020,21047,2020,3,23,2020,5,24
1021,21049,2020,3,23,2020,5,24
1022,21051,2020,3,23,2020,5,24
1023,21053,2020,3,23,2020,5,24
1024,21055,2020,3,23,2020,5,24
1025,21057,2020,3,23,2020,5,24
1026,21059,2020,3,23,2020,5,24
1027,21061,2020,3,23,2020,5,24
1028,21063,2020,3,23,2020,5,24
1029,21065,2020,3,23,2020,5,24
1030,21067,2020,3,23,2020,5,24
1031,21069,2020,3,23,2020,5,24
1032,21071,2020,3,23,2020,5,24
1033,21073,2020,3,23,2020,5,24
1034,21075,2020,3,23,2020,5,24
1035,21077,2020,3,23,2020,5,24
1036,21079,2020,3,23,2020,5,24
1037,21081,2020,3,23,2020,5,24
1038,21083,2020,3,23,2020,5,24
1039,21085,2020,3,23,2020,5,24
1040,21087,2020,3,23,2020,5,24
1041,21089,2020,3,23,2020,5,24
1042,21091,2020,3,23,2020,5,24
1043,21093,2020,3,23,2020,5,24
1044,21095,2020,3,23,2020,5,24
1045,21097,2020,3,23,2020,5,24
1046,21099,2020,3,23,2020,5,24
1047,21101,2020,3,23,2020,5,24
1048,21103,2020,3,23,2020,5,24
1049,21105,2020,3,23,2020,5,24
1050,21107,2020,3,23,2020,5,24
1051,21109,2020,3,23,2020,5,24
1052,21111,2020,3,23,2020,5,24
1053,21113,2020,3,23,2020,5,24
1054,21115,2020,3,23,2020,5,24
1055,21117,2020,3,23,2020,5,24
1056,21119,2020,3,23,2020,5,24
1057,21121,2020,3,23,2020,5,24
1058,21123,2020,3,23,2020,5,24
1059,21125,2020,3,23,2020,5,24
1060,21127,2020,3,23,2020,5,24
1061,21129,2020,3,23,2020,5,24
1062,21131,2020,3,23,2020,5,24
1063,21133,2020,3,23,2020,5,24
1064,21135,2020,3,23,2020,5,24
1065,21137,2020,3,23,2020,5,24
1066,21139,2020,3,23,2020,5,24
1067,21141,2020,3,23,2020,5,24
1068,21143,2020,3,23,2020,5,24
1069,21145,2020,3,23,2020,5,24
1070,21147,2020,3,23,2020,5,24
1071,21149,2020,3,23,2020,5,24
1072,21151,2020,3,23,2020,5,24
1073,21153,2020,3,23,2020,5,24
1074,21155,2020,3,23,2020,5,24
1075,21157,2020,3,23,2020,5,24
1076,21159,2020,3,23,2020,5,24
1077,21161,2020,3,23,2020,5,24
1078,21163,2020,3,23,2020,5,24
1079,21165,2020,3,23,2020,5,24
1080,21167,2020,3,23,2020,5,24
1081,21169,2020,3,23,2020,5,24
1082,21171,2020,3,23,2020,5,24
1083,21173,2020,3,23,2020,5,24
1084,21175,2020,3,23,2020,5,24
1085,21177,2020,3,23,2020,5,24
1086,21179,2020,3,23,2020,5,24
1087,21181,2020,3,23,2020,5,24
1088,21183,2020,3,23,2020,5,24
1089,21185,2020,3,23,2020,5,24
1090,21187,2020,3,23,2020,5,24
1091,21189,2020,3,23,2020,5,24
1092,21191,2020,3,23,2020,5,24
1093,21193,2020,3,23,2020,5,24
1094,21195,2020,3,23,2020,5,24
1095,21197,2020,3,23,2020,5,24
1096,21199,2020,3,23,2020,5,24
1097,21201,2020,3,23,2020,5,24
1098,21203,2020,3,23,2020,5,24
1099,21205,2020,3,23,2020,5,24
1100,21207,2020,3,23,2020,5,24
1101,21209,2020,3,23,2020,5,24
1102,21211,2020,3,23,2020,5,24
1103,21213,2020,3,23,2020,5,24
1104,21215,2020,3,23,2020,5,24
1105,21217,2020,3,23,2020,5,24
1106,21219,2020,3,23,2020,5,24
1107,21221,2020,3,23,2020,5,24
1108,21223,2020,3,23,2020,5,24
1109,21225,2020,3,23,2020,5,24
1110,21227,2020,3,23,2020,5,24
1111,21229,2020,3,23,2020,5,24
1112,21231,2020,3,23,2020,5,24
1113,21233,2020,3,23,2020,5,24
1114,21235,2020,3,23,2020,5,24
1115,21237,2020,3,23,2020,5,24
1116,21239,2020,3,23,2020,5,24
1117,22001,2020,3,23,2020,5,24
1118,22003,2020,3,23,2020,5,24
1119,22005,2020,3,23,2020,5,24
1120,22007,2020,3,23,2020,5,24
1121,22009,2020,3,23,2020,5,24
1122,22011,2020,3,23,2020,5,24
1123,22013,2020,3,23,2020,5,24
1124,22015,2020,3,23,2020,5,24
1125,22017,2020,3,23,2020,5,24
1126,22019,2020,3,23,2020,5,24
1127,22021,2020,3,23,2020,5,24
1128,22023,2020,3,23,2020,5,24
1129,22025,2020,3,23,2020,5,24
1130,22027,2020,3,23,2020,5,24
1131,22029,2020,3,23,2020,5,24
1132,22031,2020,3,23,2020,5,24
1133,22033,2020,3,23,2020,5,24
1134,22035,2020,3,23,2020,5,24
1135,22037,2020,3,23,2020,5,24
1136,22039,2020,3,23,2020,5,24
1137,22041,2020,3,23,2020,5,24
1138,22043,2020,3,23,2020,5,24
1139,22045,2020,3,23,2020,5,24
1140,22047,2020,3,23,2020,5,24
1141,22049,2020,3,23,2020,5,24
1142,22051,2020,3,23,2020,5,24
1143,22053,2020,3,23,2020,5,24
1144,22055,2020,3,23,2020,5,24
1145,22057,2020,3,23,2020,5,24
1146,22059,2020,3,23,2020,5,24
1147,22061,2020,3,23,2020,5,24
1148,22063,2020,3,23,2020,5,24
1149,22065,2020,3,23,2020,5,24
1150,22067,2020,3,23,2020,5,24
1151,22069,2020,3,23,2020,5,24
1152,22071,2020,3,23,2020,5,24
1153,22073,2020,3,23,2020,5,24
1154,22075,2020,3,23,2020,5,24
1155,22077,2020,3,23,2020,5,24
1156,22079,2020,3,23,2020,5,24
1157,22081,2020,3,23,2020,5,24
1158,22083,2020,3,23,2020,5,24
1159,22085,2020,3,23,2020,5,24
1160,22087,2020,3,23,2020,5,24
1161,22089,2020,3,23,2020,5,24
1162,22091,2020,3,23,2020,5,24
1163,22093,2020,3,23,2020,5,24
1164,22095,2020,3,23,2020,5,24
1165,22097,2020,3,23,2020,5,24
1166,22099,2020,3,23,2020,5,24
1167,22101,2020,3,23,2020,5,24
1168,22103,2020,3,23,2020,5,24
1169,22105,2020,3,23,2020,5,24
1170,22107,2020,3,23,2020,5,24
1171,22109,2020,3,23,2020,5,24
1172,22111,2020,3,23,2020,5,24
1173,22113,2020,3,23,2020,5,24
1174,22115,2020,3,23,2020,5,24
1175,22117,2020,3,23,2020,5,24
1176,22119,2020,3,23,2020,5,24
1177,22121,2020,3,23,2020,5,24
1178,22123,2020,3,23,2020,5,24
1179,22125,2020,3,23,2020,5,24
1180,22127,2020,3,23,2020,5,24
1181,23001,2020,3,23,2020,5,24
1182,23003,2020,3,23,2020,5,24
1183,23005,2020,3,23,2020,5,24
1184,23007,2020,3,23,2020,5,24
1185,23009,2020,3,23,2020,5,24
1186,23011,2020,3,23,2020,5,24
1187,23013,2020,3,23,2020,5,24
1188,23015,2020,3,23,2020,5,24
1189,23017,2020,3,23,2020,5,24
1190,23019,2020,3,23,2020,5,24
1191,23021,2020,3,23,2020,5,24
1192,23023,2020,3,23,2020,5,24
1193,23025,2020,3,23,2020,5,24
1194,23027,2020,3,23,2020,5,24
1195,23029,2020,3,23,2020,5,24
1196,23031,2020,3,23,2020,5,24
1197,24001,2020,3,23,2020,5,24
1198,24003,2020,3,23,2020,5,24
1199,24005,2020,3,23,2020,5,24
1200,24009,2020,3,23,2020,5,24
1201,24011,2020,3,23,2020,5,24
1202,24013,2020,3,23,2020,5,24
1203,24015,2020,3,23,2020,5,24
1204,24017,2020,3,23,2020,5,24
1205,24019,2020,3,23,2020,5,24
1206,24021,2020,3,23,2020,5,24
1207,24023,2020,3,23,2020,5,24
1208,24025,2020,3,23,2020,5,24
1209,24027,2020,3,23,2020,5,24
1210,24029,2020,3,23,2020,5,24
1211,24031,2020,3,23,2020,5,24
1212,24033,2020,3,23,2020,5,24
1213,24035,2020,3,23,2020,5,24
1214,24037,2020,3,23,2020,5,24
1215,24039,2020,3,23,2020,5,24
1216,24041,2020,3,23,2020,5,24
1217,24043,2020,3,23,2020,5,24
1218,24045,2020,3,23,2020,5,24
1219,24047,2020,3,23,2020,5,24
1220,24510,2020,3,23,2020,5,24
1221,25001,2020,3,23,2020,5,24
1222,25003,2020,3,23,2020,5,24
1223,25005,2020,3,23,2020,5,24
1224,25007,2020,3,23,2020,5,24
1225,25009,2020,3,23,2020,5,24
1226,25011,2020,3,23,2020,5,24
1227,25013,2020,3,23,2020,5,24
1228,25015,2020,3,23,2020,5,24
1229,25017,2020,3,23,2020,5,24
1230,25019,2020,3,23,2020,5,24
1231,25021,2020,3,23,2020,5,24
1232,25023,2020,3,23,2020,5,24
1233,25025,2020,3,23,2020,5,24
1234,25027,2020,3,23,2020,5,24
1235,26001,2020,3,23,2020,5,24
1236,26003,2020,3,23,2020,5,24
1237,26005,2020,3,23,2020,5,24
1238,26007,2020,3,23,2020,5,24
1239,26009,2020,3,23,2020,5,24
1240,26011,2020,3,23,2020,5,24
1241,26013,2020,3,23,2020,5,24
1242,26015,2020,3,23,2020,5,24
1243,26017,2020,3,23,2020,5,24
1244,26019,2020,3,23,2020,5,24
1245,26021,2020,3,23,2020,5,24
1246,26023,2020,3,23,2020,5,24
1247,26025,2020,3,23,2020,5,24
1248,26027,2020,3,23,2020,5,24
1249,26029,2020,3,23,2020,5,24
1250,26031,2020,3,23,2020,5,24
1251,26033,2020,3,23,2020,5,24
1252,26035,2020,3,23,2020,5,24
1253,26037,2020,3,23,2020,5,24
1254,26039,2020,3,23,2020,5,24
1255,26041,2020,3,23,2020,5,24
1256,26043,2020,3,23,2020,5,24
1257,26045,2020,3,23,2020,5,24
1258,26047,2020,3,23,2020,5,24
1259,26049,2020,3,23,2020,5,24
1260,26051,2020,3,23,2020,5,24
1261,26053,2020,3,23,2020,5,24
1262,26055,2020,3,23,2020,5,24
1263,26057,2020,3,23,2020,5,24
1264,26059,2020,3,23,2020,5,24
1265,26061,2020,3,23,2020,5,24
1266,26063,2020,3,23,2020,5,24
1267,26065,2020,3,23,2020,5,24
1268,26067,2020,3,23,2020,5,24
1269,26069,2020,3,23,2020,5,24
1270,26071,2020,3,23,2020,5,24
1271,26073,2020,3,23,2020,5,24
1272,26075,2020,3,23,2020,5,24
1273,26077,2020,3,23,2020,5,24
1274,26079,2020,3,23,2020,5,24
1275,26081,2020,3,23,2020,5,24
1276,26083,2020,3,23,2020,5,24
1277,26085,2020,3,23,2020,5,24
1278,26087,2020,3,23,2020,5,24
1279,26089,2020,3,23,2020,5,24
1280,26091,2020,3,23,2020,5,24
1281,26093,2020,3,23,2020,5,24
1282,26095,2020,3,23,2020,5,24
1283,26097,2020,3,23,2020,5,24
1284,26099,2020,3,23,2020,5,24
1285,26101,2020,3,23,2020,5,24
1286,26103,2020,3,23,2020,5,24
1287,26105,2020,3,23,2020,5,24
1288,26107,2020,3,23,2020,5,24
1289,26109,2020,3,23,2020,5,24
1290,26111,2020,3,23,2020,5,24
1291,26113,2020,3,23,2020,5,24
1292,26115,2020,3,23,2020,5,24
1293,26117,2020,3,23,2020,5,24
1294,26119,2020,3,23,2020,5,24
1295,26121,2020,3,23,2020,5,24
1296,26123,2020,3,23,2020,5,24
1297,26125,2020,3,23,2020,5,24
1298,26127,2020,3,23,2020,5,24
1299,26129,2020,3,23,2020,5,24
1300,26131,2020,3,23,2020,5,24
1301,26133,2020,3,23,2020,5,24
1302,26135,2020,3,23,2020,5,24
1303,26137,2020,3,23,2020,5,24
1304,26139,2020,3,23,2020,5,24
1305,26141,2020,3,23,2020,5,24
1306,26143,2020,3,23,2020,5,24
1307,26145,2020,3,23,2020,5,24
1308,26147,2020,3,23,2020,5,24
1309,26149,2020,3,23,2020,5,24
1310,26151,2020,3,23,2020,5,24
1311,26153,2020,3,23,2020,5,24
1312,26155,2020,3,23,2020,5,24
1313,26157,2020,3,23,2020,5,24
1314,26159,2020,3,23,2020,5,24
1315,26161,2020,3,23,2020,5,24
1316,26163,2020,3,23,2020,5,24
1317,26165,2020,3,23,2020,5,24
1318,27001,2020,3,23,2020,5,24
1319,27003,2020,3,23,2020,5,24
1320,27005,2020,3,23,2020,5,24
1321,27007,2020,3,23,2020,5,24
1322,27009,2020,3,23,2020,5,24
1323,27011,2020,3,23,2020,5,24
1324,27013,2020,3,23,2020,5,24
1325,27015,2020,3,23,2020,5,24
1326,27017,2020,3,23,2020,5,24
1327,27019,2020,3,23,2020,5,24
1328,27021,2020,3,23,2020,5,24
1329,27023,2020,3,23,2020,5,24
1330,27025,2020,3,23,2020,5,24
1331,27027,2020,3,23,2020,5,24
1332,27029,2020,3,23,2020,5,24
1333,27031,2020,3,23,2020,5,24
1334,27033,2020,3,23,2020,5,24
1335,27035,2020,3,23,2020,5,24
1336,27037,2020,3,23,2020,5,24
1337,27039,2020,3,23,2020,5,24
1338,27041,2020,3,23,2020,5,24
1339,27043,2020,3,23,2020,5,24
1340,27045,2020,3,23,2020,5,24
1341,27047,2020,3,23,2020,5,24
1342,27049,2020,3,23,2020,5,24
1343,27051,2020,3,23,2020,5,24
1344,27053,2020,3,23,2020,5,24
1345,27055,2020,3,23,2020,5,24
1346,27057,2020,3,23,2020,5,24
1347,27059,2020,3,23,2020,5,24
1348,27061,2020,3,23,2020,5,24
1349,27063,2020,3,23,2020,5,24
1350,27065,2020,3,23,2020,5,24
1351,27067,2020,3,23,2020,5,24
1352,27069,2020,3,23,2020,5,24
1353,27071,2020,3,23,2020,5,24
1354,27073,2020,3,23,2020,5,24
1355,27075,2020,3,23,2020,5,24
1356,27077,2020,3,23,2020,5,24
1357,27079,2020,3,23,2020,5,24
1358,27081,2020,3,23,2020,5,24
1359,27083,2020,3,23,2020,5,24
1360,27085,2020,3,23,2020,5,24
1361,27087,2020,3,23,2020,5,24
1362,27089,2020,3,23,2020,5,24
1363,27091,2020,3,23,2020,5,24
1364,27093,2020,3,23,2020,5,24
1365,27095,2020,3,23,2020,5,24
1366,27097,2020,3,23,2020,5,24
1367,27099,2020,3,23,2020,5,24
1368,27101,2020,3,23,2020,5,24
1369,27103,2020,3,23,2020,5,24
1370,27105,2020,3,23,2020,5,24
1371,27107,2020,3,23,2020,5,24
1372,27109,2020,3,23,2020,5,24
1373,27111,2020,3,23,2020,5,24
1374,27113,2020,3,23,2020,5,24
1375,27115,2020,3,23,2020,5,24
1376,27117,2020,3,23,2020,5,24
1377,27119,2020,3,23,2020,5,24
1378,27121,2020,3,23,2020,5,24
1379,27123,2020,3,23,2020,5,24
1380,27125,2020,3,23,2020,5,24
1381,27127,2020,3,23,2020,5,24
1382,27129,2020,3,23,2020,5,24
1383,27131,2020,3,23,2020,5,24
1384,27133,2020,3,23,2020,5,24
1385,27135,2020,3,23,2020,5,24
1386,27137,2020,3,23,2020,5,24
1387,27139,2020,3,23,2020,5,24
1388,27141,2020,3,23,2020,5,24
1389,27143,2020,3,23,2020,5,24
1390,27145,2020,3,23,2020,5,24
1391,27147,2020,3,23,2020,5,24
1392,27149,2020,3,23,2020,5,24
1393,27151,2020,3,23,2020,5,24
1394,27153,2020,3,23,2020,5,24
1395,27155,2020,3,23,2020,5,24
1396,27157,2020,3,23,2020,5,24
1397,27159,2020,3,23,2020,5,24
1398,27161,2020,3,23,2020,5,24
1399,27163,2020,3,23,2020,5,24
1400,27165,2020,3,23,2020,5,24
1401,27167,2020,3,23,2020,5,24
1402,27169,2020,3,23,2020,5,24
1403,27171,2020,3,23,2020,5,24
1404,27173,2020,3,23,2020,5,24
1405,28001,2020,3,23,2020,5,24
1406,28003,2020,3,23,2020,5,24
1407,28005,2020,3,23,2020,5,24
1408,28007,2020,3,23,2020,5,24
1409,28009,2020,3,23,2020,5,24
1410,28011,2020,3,23,2020,5,24
1411,28013,2020,3,23,2020,5,24
1412,28015,2020,3,23,2020,5,24
1413,28017,2020,3,23,2020,5,24
1414,28019,2020,3,23,2020,5,24
1415,28021,2020,3,23,2020,5,24
1416,28023,2020,3,23,2020,5,24
1417,28025,2020,3,23,2020,5,24
1418,28027,2020,3,23,2020,5,24
1419,28029,2020,3,23,2020,5,24
1420,28031,2020,3,23,2020,5,24
1421,28033,2020,3,23,2020,5,24
1422,28035,2020,3,23,2020,5,24
1423,28037,2020,3,23,2020,5,24
1424,28039,2020,3,23,2020,5,24
1425,28041,2020,3,23,2020,5,24
1426,28043,2020,3,23,2020,5,24
1427,28045,2020,3,23,2020,5,24
1428,28047,2020,3,23,2020,5,24
1429,28049,2020,3,23,2020,5,24
1430,28051,2020,3,23,2020,5,24
1431,28053,2020,3,23,2020,5,24
1432,28055,2020,3,23,2020,5,24
1433,28057,2020,3,23,2020,5,24
1434,28059,2020,3,23,2020,5,24
1435,28061,2020,3,23,2020,5,24
1436,28063,2020,3,23,2020,5,24
1437,28065,2020,3,23,2020,5,24
1438,28067,2020,3,23,2020,5,24
1439,28069,2020,3,23,2020,5,24
1440,28071,2020,3,23,2020,5,24
1441,28073,2020,3,23,2020,5,24
1442,28075,2020,3,23,2020,5,24
1443,28077,2020,3,23,2020,5,24
1444,28079,2020,3,23,2020,5,24
1445,28081,2020,3,23,2020,5,24
1446,28083,2020,3,23,2020,5,24
1447,28085,2020,3,23,2020,5,24
1448,28087,2020,3,23,2020,5,24
1449,28089,2020,3,23,2020,5,24
1450,28091,2020,3,23,2020,5,24
1451,28093,2020,3,23,2020,5,24
1452,28095,2020,3,23,2020,5,24
1453,28097,2020,3,23,2020,5,24
1454,28099,2020,3,23,2020,5,24
1455,28101,2020,3,23,2020,5,24
1456,28103,2020,3,23,2020,5,24
1457,28105,2020,3,23,2020,5,24
1458,28107,2020,3,23,2020,5,24
1459,28109,2020,3,23,2020,5,24
1460,28111,2020,3,23,2020,5,24
1461,28113,2020,3,23,2020,5,24
1462,28115,2020,3,23,2020,5,24
1463,28117,2020,3,23,2020,5,24
1464,28119,2020,3,23,2020,5,24
1465,28121,2020,3,23,2020,5,24
1466,28123,2020,3,23,2020,5,24
1467,28125,2020,3,23,2020,5,24
1468,28127,2020,3,23,2020,5,24
1469,28129,2020,3,23,2020,5,24
1470,28131,2020,3,23,2020,5,24
1471,28133,2020,3,23,2020,5,24
1472,28135,2020,3,23,2020,5,24
1473,28137,2020,3,23,2020,5,24
1474,28139,2020,3,23,2020,5,24
1475,28141,2020,3,23,2020,5,24
1476,28143,2020,3,23,2020,5,24
1477,28145,2020,3,23,2020,5,24
1478,28147,2020,3,23,2020,5,24
1479,28149,2020,3,23,2020,5,24
1480,28151,2020,3,23,2020,5,24
1481,28153,2020,3,23,2020,5,24
1482,28155,2020,3,23,2020,5,24
1483,28157,2020,3,23,2020,5,24
1484,28159,2020,3,23,2020,5,24
1485,28161,2020,3,23,2020,5,24
1486,28163,2020,3,23,2020,5,24
1487,29001,2020,3,23,2020,5,24
1488,29003,2020,3,23,2020,5,24
1489,29005,2020,3,23,2020,5,24
1490,29007,2020,3,23,2020,5,24
1491,29009,2020,3,23,2020,5,24
1492,29011,2020,3,23,2020,5,24
1493,29013,2020,3,23,2020,5,24
1494,29015,2020,3,23,2020,5,24
1495,29017,2020,3,23,2020,5,24
1496,29019,2020,3,23,2020,5,24
1497,29021,2020,3,23,2020,5,24
1498,29023,2020,3,23,2020,5,24
1499,29025,2020,3,23,2020,5,24
1500,29027,2020,3,23,2020,5,24
1501,29029,2020,3,23,2020,5,24
1502,29031,2020,3,23,2020,5,24
1503,29033,2020,3,23,2020,5,24
1504,29035,2020,3,23,2020,5,24
1505,29037,2020,3,23,2020,5,24
1506,29039,2020,3,23,2020,5,24
1507,29041,2020,3,23,2020,5,24
1508,29043,2020,3,23,2020,5,24
1509,29045,2020,3,23,2020,5,24
1510,29047,2020,3,23,2020,5,24
1511,29049,2020,3,23,2020,5,24
1512,29051,2020,3,23,2020,5,24
1513,29053,2020,3,23,2020,5,24
1514,29055,2020,3,23,2020,5,24
1515,29057,2020,3,23,2020,5,24
1516,29059,2020,3,23,2020,5,24
1517,29061,2020,3,23,2020,5,24
1518,29063,2020,3,23,2020,5,24
1519,29065,2020,3,23,2020,5,24
1520,29067,2020,3,23,2020,5,24
1521,29069,2020,3,23,2020,5,24
1522,29071,2020,3,23,2020,5,24
1523,29073,2020,3,23,2020,5,24
1524,29075,2020,3,23,2020,5,24
1525,29077,2020,3,23,2020,5,24
1526,29079,2020,3,23,2020,5,24
1527,29081,2020,3,23,2020,5,24
1528,29083,2020,3,23,2020,5,24
1529,29085,2020,3,23,2020,5,24
1530,29087,2020,3,23,2020,5,24
1531,29089,2020,3,23,2020,5,24
1532,29091,2020,3,23,2020,5,24
1533,29093,2020,3,23,2020,5,24
1534,29095,2020,3,23,2020,5,24
1535,29097,2020,3,23,2020,5,24
1536,29099,2020,3,23,2020,5,24
1537,29101,2020,3,23,2020,5,24
1538,29103,2020,3,23,2020,5,24
1539,29105,2020,3,23,2020,5,24
1540,29107,2020,3,23,2020,5,24
1541,29109,2020,3,23,2020,5,24
1542,29111,2020,3,23,2020,5,24
1543,29113,2020,3,23,2020,5,24
1544,29115,2020,3,23,2020,5,24
1545,29117,2020,3,23,2020,5,24
1546,29119,2020,3,23,2020,5,24
1547,29121,2020,3,23,2020,5,24
1548,29123,2020,3,23,2020,5,24
1549,29125,2020,3,23,2020,5,24
1550,29127,2020,3,23,2020,5,24
1551,29129,2020,3,23,2020,5,24
1552,29131,2020,3,23,2020,5,24
1553,29133,2020,3,23,2020,5,24
1554,29135,2020,3,23,2020,5,24
1555,29137,2020,3,23,2020,5,24
1556,29139,2020,3,23,2020,5,24
1557,29141,2020,3,23,2020,5,24
1558,29143,2020,3,23,2020,5,24
1559,29145,2020,3,23,2020,5,24
1560,29147,2020,3,23,2020,5,24
1561,29149,2020,3,23,2020,5,24
1562,29151,2020,3,23,2020,5,24
1563,29153,2020,3,23,2020,5,24
1564,29155,2020,3,23,2020,5,24
1565,29157,2020,3,23,2020,5,24
1566,29159,2020,3,23,2020,5,24
1567,29161,2020,3,23,2020,5,24
1568,29163,2020,3,23,2020,5,24
1569,29165,2020,3,23,2020,5,24
1570,29167,2020,3,23,2020,5,24
1571,29169,2020,3,23,2020,5,24
1572,29171,2020,3,23,2020,5,24
1573,29173,2020,3,23,2020,5,24
1574,29175,2020,3,23,2020,5,24
1575,29177,2020,3,23,2020,5,24
1576,29179,2020,3,23,2020,5,24
1577,29181,2020,3,23,2020,5,24
1578,29183,2020,3,23,2020,5,24
1579,29185,2020,3,23,2020,5,24
1580,29186,2020,3,23,2020,5,24
1581,29187,2020,3,23,2020,5,24
1582,29189,2020,3,23,2020,5,24
1583,29195,2020,3,23,2020,5,24
1584,29197,2020,3,23,2020,5,24
1585,29199,2020,3,23,2020,5,24
1586,29201,2020,3,23,2020,5,24
1587,29203,2020,3,23,2020,5,24
1588,29205,2020,3,23,2020,5,24
1589,29207,2020,3,23,2020,5,24
1590,29209,2020,3,23,2020,5,24
1591,29211,2020,3,23,2020,5,24
1592,29213,2020,3,23,2020,5,24
1593,29215,2020,3,23,2020,5,24
1594,29217,2020,3,23,2020,5,24
1595,29219,2020,3,23,2020,5,24
1596,29221,2020,3,23,2020,5,24
1597,29223,2020,3,23,2020,5,24
1598,29225,2020,3,23,2020,5,24
1599,29227,2020,3,23,2020,5,24
1600,29229,2020,3,23,2020,5,24
1601,29510,2020,3,23,2020,5,24
1602,30001,2020,3,23,2020,5,24
1603,30003,2020,3,23,2020,5,24
1604,30005,2020,3,23,2020,5,24
1605,30007,2020,3,23,2020,5,24
1606,30009,2020,3,23,2020,5,24
1607,30011,2020,3,23,2020,5,24
1608,30013,2020,3,23,2020,5,24
1609,30015,2020,3,23,2020,5,24
1610,30017,2020,3,23,2020,5,24
1611,30019,2020,3,23,2020,5,24
1612,30021,2020,3,23,2020,5,24
1613,30023,2020,3,23,2020,5,24
1614,30025,2020,3,23,2020,5,24
1615,30027,2020,3,23,2020,5,24
1616,30029,2020,3,23,2020,5,24
1617,30031,2020,3,23,2020,5,24
1618,30033,2020,3,23,2020,5,24
1619,30035,2020,3,23,2020,5,24
1620,30037,2020,3,23,2020,5,24
1621,30039,2020,3,23,2020,5,24
1622,30041,2020,3,23,2020,5,24
1623,30043,2020,3,23,2020,5,24
1624,30045,2020,3,23,2020,5,24
1625,30047,2020,3,23,2020,5,24
1626,30049,2020,3,23,2020,5,24
1627,30051,2020,3,23,2020,5,24
1628,30053,2020,3,23,2020,5,24
1629,30055,2020,3,23,2020,5,24
1630,30057,2020,3,23,2020,5,24
1631,30059,2020,3,23,2020,5,24
1632,30061,2020,3,23,2020,5,24
1633,30063,2020,3,23,2020,5,24
1634,30065,2020,3,23,2020,5,24
1635,30067,2020,3,23,2020,5,24
1636,30069,2020,3,23,2020,5,24
1637,30071,2020,3,23,2020,5,24
1638,30073,2020,3,23,2020,5,24
1639,30075,2020,3,23,2020,5,24
1640,30077,2020,3,23,2020,5,24
1641,30079,2020,3,23,2020,5,24
1642,30081,2020,3,23,2020,5,24
1643,30083,2020,3,23,2020,5,24
1644,30085,2020,3,23,2020,5,24
1645,30087,2020,3,23,2020,5,24
1646,30089,2020,3,23,2020,5,24
1647,30091,2020,3,23,2020,5,24
1648,30093,2020,3,23,2020,5,24
1649,30095,2020,3,23,2020,5,24
1650,30097,2020,3,23,2020,5,24
1651,30099,2020,3,23,2020,5,24
1652,30101,2020,3,23,2020,5,24
1653,30103,2020,3,23,2020,5,24
1654,30105,2020,3,23,2020,5,24
1655,30107,2020,3,23,2020,5,24
1656,30109,2020,3,23,2020,5,24
1657,30111,2020,3,23,2020,5,24
1658,31001,2020,3,23,2020,5,24
1659,31003,2020,3,23,2020,5,24
1660,31005,2020,3,23,2020,5,24
1661,31007,2020,3,23,2020,5,24
1662,31009,2020,3,23,2020,5,24
1663,31011,2020,3,23,2020,5,24
1664,31013,2020,3,23,2020,5,24
1665,31015,2020,3,23,2020,5,24
1666,31017,2020,3,23,2020,5,24
1667,31019,2020,3,23,2020,5,24
1668,31021,2020,3,23,2020,5,24
1669,31023,2020,3,23,2020,5,24
1670,31025,2020,3,23,2020,5,24
1671,31027,2020,3,23,2020,5,24
1672,31029,2020,3,23,2020,5,24
1673,31031,2020,3,23,2020,5,24
1674,31033,2020,3,23,2020,5,24
1675,31035,2020,3,23,2020,5,24
1676,31037,2020,3,23,2020,5,24
1677,31039,2020,3,23,2020,5,24
1678,31041,2020,3,23,2020,5,24
1679,31043,2020,3,23,2020,5,24
1680,31045,2020,3,23,2020,5,24
1681,31047,2020,3,23,2020,5,24
1682,31049,2020,3,23,2020,5,24
1683,31051,2020,3,23,2020,5,24
1684,31053,2020,3,23,2020,5,24
1685,31055,2020,3,23,2020,5,24
1686,31057,2020,3,23,2020,5,24
1687,31059,2020,3,23,2020,5,24
1688,31061,2020,3,23,2020,5,24
1689,31063,2020,3,23,2020,5,24
1690,31065,2020,3,23,2020,5,24
1691,31067,2020,3,23,2020,5,24
1692,31069,2020,3,23,2020,5,24
1693,31071,2020,3,23,2020,5,24
1694,31073,2020,3,23,2020,5,24
1695,31075,2020,3,23,2020,5,24
1696,31077,2020,3,23,2020,5,24
1697,31079,2020,3,23,2020,5,24
1698,31081,2020,3,23,2020,5,24
1699,31083,2020,3,23,2020,5,24
1700,31085,2020,3,23,2020,5,24
1701,31087,2020,3,23,2020,5,24
1702,31089,2020,3,23,2020,5,24
1703,31091,2020,3,23,2020,5,24
1704,31093,2020,3,23,2020,5,24
1705,31095,2020,3,23,2020,5,24
1706,31097,2020,3,23,2020,5,24
1707,31099,2020,3,23,2020,5,24
1708,31101,2020,3,23,2020,5,24
1709,31103,2020,3,23,2020,5,24
1710,31105,2020,3,23,2020,5,24
1711,31107,2020,3,23,2020,5,24
1712,31109,2020,3,23,2020,5,24
1713,31111,2020,3,23,2020,5,24
1714,31113,2020,3,23,2020,5,24
1715,31115,2020,3,23,2020,5,24
1716,31117,2020,3,23,2020,5,24
1717,31119,2020,3,23,2020,5,24
1718,31121,2020,3,23,2020,5,24
1719,31123,2020,3,23,2020,5,24
1720,31125,2020,3,23,2020,5,24
1721,31127,2020,3,23,2020,5,24
1722,31129,2020,3,23,2020,5,24
1723,31131,2020,3,23,2020,5,24
1724,31133,2020,3,23,2020,5,24
1725,31135,2020,3,23,2020,5,24
1726,31137,2020,3,23,2020,5,24
1727,31139,2020,3,23,2020,5,24
1728,31141,2020,3,23,2020,5,24
1729,31143,2020,3,23,2020,5,24
1730,31145,2020,3,23,2020,5,24
1731,31147,2020,3,23,2020,5,24
1732,31149,2020,3,23,2020,5,24
1733,31151,2020,3,23,2020,5,24
1734,31153,2020,3,23,2020,5,24
1735,31155,2020,3,23,2020,5,24
1736,31157,2020,3,23,2020,5,24
1737,31159,2020,3,23,2020,5,24
1738,31161,2020,3,23,2020,5,24
1739,31163,2020,3,23,2020,5,24
1740,31165,2020,3,23,2020,5,24
1741,31167,2020,3,23,2020,5,24
1742,31169,2020,3,23,2020,5,24
1743,31171,2020,3,23,2020,5,24
1744,31173,2020,3,23,2020,5,24
1745,31175,2020,3,23,2020,5,24
1746,31177,2020,3,23,2020,5,24
1747,31179,2020,3,23,2020,5,24
1748,31181,2020,3,23,2020,5,24
1749,31183,2020,3,23,2020,5,24
1750,31185,2020,3,23,2020,5,24
1751,32001,2020,3,23,2020,5,24
1752,32003,2020,3,23,2020,5,24
1753,32005,2020,3,23,2020,5,24
1754,32007,2020,3,23,2020,5,24
1755,32009,2020,3,23,2020,5,24
1756,32011,2020,3,23,2020,5,24
1757,32013,2020,3,23,2020,5,24
1758,32015,2020,3,23,2020,5,24
1759,32017,2020,3,23,2020,5,24
1760,32019,2020,3,23,2020,5,24
1761,32021,2020,3,23,2020,5,24
1762,32023,2020,3,23,2020,5,24
1763,32027,2020,3,23,2020,5,24
1764,32029,2020,3,23,2020,5,24
1765,32031,2020,3,23,2020,5,24
1766,32033,2020,3,23,2020,5,24
1767,32510,2020,3,23,2020,5,24
1768,33001,2020,3,23,2020,5,24
1769,33003,2020,3,23,2020,5,24
1770,33005,2020,3,23,2020,5,24
1771,33007,2020,3,23,2020,5,24
1772,33009,2020,3,23,2020,5,24
1773,33011,2020,3,23,2020,5,24
1774,33013,2020,3,23,2020,5,24
1775,33015,2020,3,23,2020,5,24
1776,33017,2020,3,23,2020,5,24
1777,33019,2020,3,23,2020,5,24
1778,34001,2020,3,23,2020,5,24
1779,34003,2020,3,23,2020,5,24
1780,34005,2020,3,23,2020,5,24
1781,34007,2020,3,23,2020,5,24
1782,34009,2020,3,23,2020,5,24
1783,34011,2020,3,23,2020,5,24
1784,34013,2020,3,23,2020,5,24
1785,34015,2020,3,23,2020,5,24
1786,34017,2020,3,23,2020,5,24
1787,34019,2020,3,23,2020,5,24
1788,34021,2020,3,23,2020,5,24
1789,34023,2020,3,23,2020,5,24
1790,34025,2020,3,23,2020,5,24
1791,34027,2020,3,23,2020,5,24
1792,34029,2020,3,23,2020,5,24
1793,34031,2020,3,23,2020,5,24
1794,34033,2020,3,23,2020,5,24
1795,34035,2020,3,23,2020,5,24
1796,34037,2020,3,23,2020,5,24
1797,34039,2020,3,23,2020,5,24
1798,34041,2020,3,23,2020,5,24
1799,35001,2020,3,23,2020,5,24
1800,35003,2020,3,23,2020,5,24
1801,35005,2020,3,23,2020,5,24
1802,35006,2020,3,23,2020,5,24
1803,35007,2020,3,23,2020,5,24
1804,35009,2020,3,23,2020,5,24
1805,35011,2020,3,23,2020,5,24
1806,35013,2020,3,23,2020,5,24
1807,35015,2020,3,23,2020,5,24
1808,35017,2020,3,23,2020,5,24
1809,35019,2020,3,23,2020,5,24
1810,35021,2020,3,23,2020,5,24
1811,35023,2020,3,23,2020,5,24
1812,35025,2020,3,23,2020,5,24
1813,35027,2020,3,23,2020,5,24
1814,35028,2020,3,23,2020,5,24
1815,35029,2020,3,23,2020,5,24
1816,35031,2020,3,23,2020,5,24
1817,35033,2020,3,23,2020,5,24
1818,35035,2020,3,23,2020,5,24
1819,35037,2020,3,23,2020,5,24
1820,35039,2020,3,23,2020,5,24
1821,35041,2020,3,23,2020,5,24
1822,35043,2020,3,23,2020,5,24
1823,35045,2020,3,23,2020,5,24
1824,35047,2020,3,23,2020,5,24
1825,35049,2020,3,23,2020,5,24
1826,35051,2020,3,23,2020,5,24
1827,35053,2020,3,23,2020,5,24
1828,35055,2020,3,23,2020,5,24
1829,35057,2020,3,23,2020,5,24
1830,35059,2020,3,23,2020,5,24
1831,35061,2020,3,23,2020,5,24
1832,36001,2020,3,23,2020,5,24
1833,36003,2020,3,23,2020,5,24
1834,36005,2020,3,23,2020,5,24
1835,36007,2020,3,23,2020,5,24
1836,36009,2020,3,23,2020,5,24
1837,36011,2020,3,23,2020,5,24
1838,36013,2020,3,23,2020,5,24
1839,36015,2020,3,23,2020,5,24
1840,36017,2020,3,23,2020,5,24
1841,36019,2020,3,23,2020,5,24
1842,36021,2020,3,23,2020,5,24
1843,36023,2020,3,23,2020,5,24
1844,36025,2020,3,23,2020,5,24
1845,36027,2020,3,23,2020,5,24
1846,36029,2020,3,23,2020,5,24
1847,36031,2020,3,23,2020,5,24
1848,36033,2020,3,23,2020,5,24
1849,36035,2020,3,23,2020,5,24
1850,36037,2020,3,23,2020,5,24
1851,36039,2020,3,23,2020,5,24
1852,36041,2020,3,23,2020,5,24
1853,36043,2020,3,23,2020,5,24
1854,36045,2020,3,23,2020,5,24
1855,36047,2020,3,23,2020,5,24
1856,36049,2020,3,23,2020,5,24
1857,36051,2020,3,23,2020,5,24
1858,36053,2020,3,23,2020,5,24
1859,36055,2020,3,23,2020,5,24
1860,36057,2020,3,23,2020,5,24
1861,36059,2020,3,23,2020,5,24
1862,36061,2020,3,23,2020,5,24
1863,36063,2020,3,23,2020,5,24
1864,36065,2020,3,23,2020,5,24
1865,36067,2020,3,23,2020,5,24
1866,36069,2020,3,23,2020,5,24
1867,36071,2020,3,23,2020,5,24
1868,36073,2020,3,23,2020,5,24
1869,36075,2020,3,23,2020,5,24
1870,36077,2020,3,23,2020,5,24
1871,36079,2020,3,23,2020,5,24
1872,36081,2020,3,23,2020,5,24
1873,36083,2020,3,23,2020,5,24
1874,36085,2020,3,23,2020,5,24
1875,36087,2020,3,23,2020,5,24
1876,36089,2020,3,23,2020,5,24
1877,36091,2020,3,23,2020,5,24
1878,36093,2020,3,23,2020,5,24
1879,36095,2020,3,23,2020,5,24
1880,36097,2020,3,23,2020,5,24
1881,36099,2020,3,23,2020,5,24
1882,36101,2020,3,23,2020,5,24
1883,36103,2020,3,23,2020,5,24
1884,36105,2020,3,23,2020,5,24
1885,36107,2020,3,23,2020,5,24
1886,36109,2020,3,23,2020,5,24
1887,36111,2020,3,23,2020,5,24
1888,36113,2020,3,23,2020,5,24
1889,36115,2020,3,23,2020,5,24
1890,36117,2020,3,23,2020,5,24
1891,36119,2020,3,23,2020,5,24
1892,36121,2020,3,23,2020,5,24
1893,36123,2020,3,23,2020,5,24
1894,37001,2020,3,23,2020,5,24
1895,37003,2020,3,23,2020,5,24
1896,37005,2020,3,23,2020,5,24
1897,37007,2020,3,23,2020,5,24
1898,37009,2020,3,23,2020,5,24
1899,37011,2020,3,23,2020,5,24
1900,37013,2020,3,23,2020,5,24
1901,37015,2020,3,23,2020,5,24
1902,37017,2020,3,23,2020,5,24
1903,37019,2020,3,23,2020,5,24
1904,37021,2020,3,23,2020,5,24
1905,37023,2020,3,23,2020,5,24
1906,37025,2020,3,23,2020,5,24
1907,37027,2020,3,23,2020,5,24
1908,37029,2020,3,23,2020,5,24
1909,37031,2020,3,23,2020,5,24
1910,37033,2020,3,23,2020,5,24
1911,37035,2020,3,23,2020,5,24
1912,37037,2020,3,23,2020,5,24
1913,37039,2020,3,23,2020,5,24
1914,37041,2020,3,23,2020,5,24
1915,37043,2020,3,23,2020,5,24
1916,37045,2020,3,23,2020,5,24
1917,37047,2020,3,23,2020,5,24
1918,37049,2020,3,23,2020,5,24
1919,37051,2020,3,23,2020,5,24
1920,37053,2020,3,23,2020,5,24
1921,37055,2020,3,23,2020,5,24
1922,37057,2020,3,23,2020,5,24
1923,37059,2020,3,23,2020,5,24
1924,37061,2020,3,23,2020,5,24
1925,37063,2020,3,23,2020,5,24
1926,37065,2020,3,23,2020,5,24
1927,37067,2020,3,23,2020,5,24
1928,37069,2020,3,23,2020,5,24
1929,37071,2020,3,23,2020,5,24
1930,37073,2020,3,23,2020,5,24
1931,37075,2020,3,23,2020,5,24
1932,37077,2020,3,23,2020,5,24
1933,37079,2020,3,23,2020,5,24
1934,37081,2020,3,23,2020,5,24
1935,37083,2020,3,23,2020,5,24
1936,37085,2020,3,23,2020,5,24
1937,37087,2020,3,23,2020,5,24
1938,37089,2020,3,23,2020,5,24
1939,37091,2020,3,23,2020,5,24
1940,37093,2020,3,23,2020,5,24
1941,37095,2020,3,23,2020,5,24
1942,37097,2020,3,23,2020,5,24
1943,37099,2020,3,23,2020,5,24
1944,37101,2020,3,23,2020,5,24
1945,37103,2020,3,23,2020,5,24
1946,37105,2020,3,23,2020,5,24
1947,37107,2020,3,23,2020,5,24
1948,37109,2020,3,23,2020,5,24
1949,37111,2020,3,23,2020,5,24
1950,37113,2020,3,23,2020,5,24
1951,37115,2020,3,23,2020,5,24
1952,37117,2020,3,23,2020,5,24
1953,37119,2020,3,23,2020,5,24
1954,37121,2020,3,23,2020,5,24
1955,37123,2020,3,23,2020,5,24
1956,37125,2020,3,23,2020,5,24
1957,37127,2020,3,23,2020,5,24
1958,37129,2020,3,23,2020,5,24
1959,37131,2020,3,23,2020,5,24
1960,37133,2020,3,23,2020,5,24
1961,37135,2020,3,23,2020,5,24
1962,37137,2020,3,23,2020,5,24
1963,37139,2020,3,23,2020,5,24
1964,37141,2020,3,23,2020,5,24
1965,37143,2020,3,23,2020,5,24
1966,37145,2020,3,23,2020,5,24
1967,37147,2020,3,23,2020,5,24
1968,37149,2020,3,23,2020,5,24
1969,37151,2020,3,23,2020,5,24
1970,37153,2020,3,23,2020,5,24
1971,37155,2020,3,23,2020,5,24
1972,37157,2020,3,23,2020,5,24
1973,37159,2020,3,23,2020,5,24
1974,37161,2020,3,23,2020,5,24
1975,37163,2020,3,23,2020,5,24
1976,37165,2020,3,23,2020,5,24
1977,37167,2020,3,23,2020,5,24
1978,37169,2020,3,23,2020,5,24
1979,37171,2020,3,23,2020,5,24
1980,37173,2020,3,23,2020,5,24
1981,37175,2020,3,23,2020,5,24
1982,37177,2020,3,23,2020,5,24
1983,37179,2020,3,23,2020,5,24
1984,37181,2020,3,23,2020,5,24
1985,37183,2020,3,23,2020,5,24
1986,37185,2020,3,23,2020,5,24
1987,37187,2020,3,23,2020,5,24
1988,37189,2020,3,23,2020,5,24
1989,37191,2020,3,23,2020,5,24
1990,37193,2020,3,23,2020,5,24
1991,37195,2020,3,23,2020,5,24
1992,37197,2020,3,23,2020,5,24
1993,37199,2020,3,23,2020,5,24
1994,38001,2020,3,23,2020,5,24
1995,38003,2020,3,23,2020,5,24
1996,38005,2020,3,23,2020,5,24
1997,38007,2020,3,23,2020,5,24
1998,38009,2020,3,23,2020,5,24
1999,38011,2020,3,23,2020,5,24
2000,38013,2020,3,23,2020,5,24
2001,38015,2020,3,23,2020,5,24
2002,38017,2020,3,23,2020,5,24
2003,38019,2020,3,23,2020,5,24
2004,38021,2020,3,23,2020,5,24
2005,38023,2020,3,23,2020,5,24
2006,38025,2020,3,23,2020,5,24
2007,38027,2020,3,23,2020,5,24
2008,38029,2020,3,23,2020,5,24
2009,38031,2020,3,23,2020,5,24
2010,38033,2020,3,23,2020,5,24
2011,38035,2020,3,23,2020,5,24
2012,38037,2020,3,23,2020,5,24
2013,38039,2020,3,23,2020,5,24
2014,38041,2020,3,23,2020,5,24
2015,38043,2020,3,23,2020,5,24
2016,38045,2020,3,23,2020,5,24
2017,38047,2020,3,23,2020,5,24
2018,38049,2020,3,23,2020,5,24
2019,38051,2020,3,23,2020,5,24
2020,38053,2020,3,23,2020,5,24
2021,38055,2020,3,23,2020,5,24
2022,38057,2020,3,23,2020,5,24
2023,38059,2020,3,23,2020,5,24
2024,38061,2020,3,23,2020,5,24
2025,38063,2020,3,23,2020,5,24
2026,38065,2020,3,23,2020,5,24
2027,38067,2020,3,23,2020,5,24
2028,38069,2020,3,23,2020,5,24
2029,38071,2020,3,23,2020,5,24
2030,38073,2020,3,23,2020,5,24
2031,38075,2020,3,23,2020,5,24
2032,38077,2020,3,23,2020,5,24
2033,38079,2020,3,23,2020,5,24
2034,38081,2020,3,23,2020,5,24
2035,38083,2020,3,23,2020,5,24
2036,38085,2020,3,23,2020,5,24
2037,38087,2020,3,23,2020,5,24
2038,38089,2020,3,23,2020,5,24
2039,38091,2020,3,23,2020,5,24
2040,38093,2020,3,23,2020,5,24
2041,38095,2020,3,23,2020,5,24
2042,38097,2020,3,23,2020,5,24
2043,38099,2020,3,23,2020,5,24
2044,38101,2020,3,23,2020,5,24
2045,38103,2020,3,23,2020,5,24
2046,38105,2020,3,23,2020,5,24
2047,39001,2020,3,23,2020,5,24
2048,39003,2020,3,23,2020,5,24
2049,39005,2020,3,23,2020,5,24
2050,39007,2020,3,23,2020,5,24
2051,39009,2020,3,23,2020,5,24
2052,39011,2020,3,23,2020,5,24
2053,39013,2020,3,23,2020,5,24
2054,39015,2020,3,23,2020,5,24
2055,39017,2020,3,23,2020,5,24
2056,39019,2020,3,23,2020,5,24
2057,39021,2020,3,23,2020,5,24
2058,39023,2020,3,23,2020,5,24
2059,39025,2020,3,23,2020,5,24
2060,39027,2020,3,23,2020,5,24
2061,39029,2020,3,23,2020,5,24
2062,39031,2020,3,23,2020,5,24
2063,39033,2020,3,23,2020,5,24
2064,39035,2020,3,23,2020,5,24
2065,39037,2020,3,23,2020,5,24
2066,39039,2020,3,23,2020,5,24
2067,39041,2020,3,23,2020,5,24
2068,39043,2020,3,23,2020,5,24
2069,39045,2020,3,23,2020,5,24
2070,39047,2020,3,23,2020,5,24
2071,39049,2020,3,23,2020,5,24
2072,39051,2020,3,23,2020,5,24
2073,39053,2020,3,23,2020,5,24
2074,39055,2020,3,23,2020,5,24
2075,39057,2020,3,23,2020,5,24
2076,39059,2020,3,23,2020,5,24
2077,39061,2020,3,23,2020,5,24
2078,39063,2020,3,23,2020,5,24
2079,39065,2020,3,23,2020,5,24
2080,39067,2020,3,23,2020,5,24
2081,39069,2020,3,23,2020,5,24
2082,39071,2020,3,23,2020,5,24
2083,39073,2020,3,23,2020,5,24
2084,39075,2020,3,23,2020,5,24
2085,39077,2020,3,23,2020,5,24
2086,39079,2020,3,23,2020,5,24
2087,39081,2020,3,23,2020,5,24
2088,39083,2020,3,23,2020,5,24
2089,39085,2020,3,23,2020,5,24
2090,39087,2020,3,23,2020,5,24
2091,39089,2020,3,23,2020,5,24
2092,39091,2020,3,23,2020,5,24
2093,39093,2020,3,23,2020,5,24
2094,39095,2020,3,23,2020,5,24
2095,39097,2020,3,23,2020,5,24
2096,39099,2020,3,23,2020,5,24
2097,39101,2020,3,23,2020,5,24
2098,39103,2020,3,23,2020,5,24
2099,39105,2020,3,23,2020,5,24
2100,39107,2020,3,23,2020,5,24
2101,39109,2020,3,23,2020,5,24
2102,39111,2020,3,23,2020,5,24
2103,39113,2020,3,23,2020,5,24
2104,39115,2020,3,23,2020,5,24
2105,39117,2020,3,23,2020,5,24
2106,39119,2020,3,23,2020,5,24
2107,39121,2020,3,23,2020,5,24
2108,39123,2020,3,23,2020,5,24
2109,39125,2020,3,23,2020,5,24
2110,39127,2020,3,23,2020,5,24
2111,39129,2020,3,23,2020,5,24
2112,39131,2020,3,23,2020,5,24
2113,39133,2020,3,23,2020,5,24
2114,39135,2020,3,23,2020,5,24
2115,39137,2020,3,23,2020,5,24
2116,39139,2020,3,23,2020,5,24
2117,39141,2020,3,23,2020,5,24
2118,39143,2020,3,23,2020,5,24
2119,39145,2020,3,23,2020,5,24
2120,39147,2020,3,23,2020,5,24
2121,39149,2020,3,23,2020,5,24
2122,39151,2020,3,23,2020,5,24
2123,39153,2020,3,23,2020,5,24
2124,39155,2020,3,23,2020,5,24
2125,39157,2020,3,23,2020,5,24
2126,39159,2020,3,23,2020,5,24
2127,39161,2020,3,23,2020,5,24
2128,39163,2020,3,23,2020,5,24
2129,39165,2020,3,23,2020,5,24
2130,39167,2020,3,23,2020,5,24
2131,39169,2020,3,23,2020,5,24
2132,39171,2020,3,23,2020,5,24
2133,39173,2020,3,23,2020,5,24
2134,39175,2020,3,23,2020,5,24
2135,40001,2020,3,23,2020,5,24
2136,40003,2020,3,23,2020,5,24
2137,40005,2020,3,23,2020,5,24
2138,40007,2020,3,23,2020,5,24
2139,40009,2020,3,23,2020,5,24
2140,40011,2020,3,23,2020,5,24
2141,40013,2020,3,23,2020,5,24
2142,40015,2020,3,23,2020,5,24
2143,40017,2020,3,23,2020,5,24
2144,40019,2020,3,23,2020,5,24
2145,40021,2020,3,23,2020,5,24
2146,40023,2020,3,23,2020,5,24
2147,40025,2020,3,23,2020,5,24
2148,40027,2020,3,23,2020,5,24
2149,40029,2020,3,23,2020,5,24
2150,40031,2020,3,23,2020,5,24
2151,40033,2020,3,23,2020,5,24
2152,40035,2020,3,23,2020,5,24
2153,40037,2020,3,23,2020,5,24
2154,40039,2020,3,23,2020,5,24
2155,40041,2020,3,23,2020,5,24
2156,40043,2020,3,23,2020,5,24
2157,40045,2020,3,23,2020,5,24
2158,40047,2020,3,23,2020,5,24
2159,40049,2020,3,23,2020,5,24
2160,40051,2020,3,23,2020,5,24
2161,40053,2020,3,23,2020,5,24
2162,40055,2020,3,23,2020,5,24
2163,40057,2020,3,23,2020,5,24
2164,40059,2020,3,23,2020,5,24
2165,40061,2020,3,23,2020,5,24
2166,40063,2020,3,23,2020,5,24
2167,40065,2020,3,23,2020,5,24
2168,40067,2020,3,23,2020,5,24
2169,40069,2020,3,23,2020,5,24
2170,40071,2020,3,23,2020,5,24
2171,40073,2020,3,23,2020,5,24
2172,40075,2020,3,23,2020,5,24
2173,40077,2020,3,23,2020,5,24
2174,40079,2020,3,23,2020,5,24
2175,40081,2020,3,23,2020,5,24
2176,40083,2020,3,23,2020,5,24
2177,40085,2020,3,23,2020,5,24
2178,40087,2020,3,23,2020,5,24
2179,40089,2020,3,23,2020,5,24
2180,40091,2020,3,23,2020,5,24
2181,40093,2020,3,23,2020,5,24
2182,40095,2020,3,23,2020,5,24
2183,40097,2020,3,23,2020,5,24
2184,40099,2020,3,23,2020,5,24
2185,40101,2020,3,23,2020,5,24
2186,40103,2020,3,23,2020,5,24
2187,40105,2020,3,23,2020,5,24
2188,40107,2020,3,23,2020,5,24
2189,40109,2020,3,23,2020,5,24
2190,40111,2020,3,23,2020,5,24
2191,40113,2020,3,23,2020,5,24
2192,40115,2020,3,23,2020,5,24
2193,40117,2020,3,23,2020,5,24
2194,40119,2020,3,23,2020,5,24
2195,40121,2020,3,23,2020,5,24
2196,40123,2020,3,23,2020,5,24
2197,40125,2020,3,23,2020,5,24
2198,40127,2020,3,23,2020,5,24
2199,40129,2020,3,23,2020,5,24
2200,40131,2020,3,23,2020,5,24
2201,40133,2020,3,23,2020,5,24
2202,40135,2020,3,23,2020,5,24
2203,40137,2020,3,23,2020,5,24
2204,40139,2020,3,23,2020,5,24
2205,40141,2020,3,23,2020,5,24
2206,40143,2020,3,23,2020,5,24
2207,40145,2020,3,23,2020,5,24
2208,40147,2020,3,23,2020,5,24
2209,40149,2020,3,23,2020,5,24
2210,40151,2020,3,23,2020,5,24
2211,40153,2020,3,23,2020,5,24
2212,41001,2020,3,23,2020,5,24
2213,41003,2020,3,23,2020,5,24
2214,41005,2020,3,23,2020,5,24
2215,41007,2020,3,23,2020,5,24
2216,41009,2020,3,23,2020,5,24
2217,41011,2020,3,23,2020,5,24
2218,41013,2020,3,23,2020,5,24
2219,41015,2020,3,23,2020,5,24
2220,41017,2020,3,23,2020,5,24
2221,41019,2020,3,23,2020,5,24
2222,41021,2020,3,23,2020,5,24
2223,41023,2020,3,23,2020,5,24
2224,41025,2020,3,23,2020,5,24
2225,41027,2020,3,23,2020,5,24
2226,41029,2020,3,23,2020,5,24
2227,41031,2020,3,23,2020,5,24
2228,41033,2020,3,23,2020,5,24
2229,41035,2020,3,23,2020,5,24
2230,41037,2020,3,23,2020,5,24
2231,41039,2020,3,23,2020,5,24
2232,41041,2020,3,23,2020,5,24
2233,41043,2020,3,23,2020,5,24
2234,41045,2020,3,23,2020,5,24
2235,41047,2020,3,23,2020,5,24
2236,41049,2020,3,23,2020,5,24
2237,41051,2020,3,23,2020,5,24
2238,41053,2020,3,23,2020,5,24
2239,41055,2020,3,23,2020,5,24
2240,41057,2020,3,23,2020,5,24
2241,41059,2020,3,23,2020,5,24
2242,41061,2020,3,23,2020,5,24
2243,41063,2020,3,23,2020,5,24
2244,41065,2020,3,23,2020,5,24
2245,41067,2020,3,23,2020,5,24
2246,41069,2020,3,23,2020,5,24
2247,41071,2020,3,23,2020,5,24
2248,42001,2020,3,23,2020,5,24
2249,42003,2020,3,23,2020,5,24
2250,42005,2020,3,23,2020,5,24
2251,42007,2020,3,23,2020,5,24
2252,42009,2020,3,23,2020,5,24
2253,42011,2020,3,23,2020,5,24
2254,42013,2020,3,23,2020,5,24
2255,42015,2020,3,23,2020,5,24
2256,42017,2020,3,23,2020,5,24
2257,42019,2020,3,23,2020,5,24
2258,42021,2020,3,23,2020,5,24
2259,42023,2020,3,23,2020,5,24
2260,42025,2020,3,23,2020,5,24
2261,42027,2020,3,23,2020,5,24
2262,42029,2020,3,23,2020,5,24
2263,42031,2020,3,23,2020,5,24
2264,42033,2020,3,23,2020,5,24
2265,42035,2020,3,23,2020,5,24
2266,42037,2020,3,23,2020,5,24
2267,42039,2020,3,23,2020,5,24
2268,42041,2020,3,23,2020,5,24
2269,42043,2020,3,23,2020,5,24
2270,42045,2020,3,23,2020,5,24
2271,42047,2020,3,23,2020,5,24
2272,42049,2020,3,23,2020,5,24
2273,42051,2020,3,23,2020,5,24
2274,42053,2020,3,23,2020,5,24
2275,42055,2020,3,23,2020,5,24
2276,42057,2020,3,23,2020,5,24
2277,42059,2020,3,23,2020,5,24
2278,42061,2020,3,23,2020,5,24
2279,42063,2020,3,23,2020,5,24
2280,42065,2020,3,23,2020,5,24
2281,42067,2020,3,23,2020,5,24
2282,42069,2020,3,23,2020,5,24
2283,42071,2020,3,23,2020,5,24
2284,42073,2020,3,23,2020,5,24
2285,42075,2020,3,23,2020,5,24
2286,42077,2020,3,23,2020,5,24
2287,42079,2020,3,23,2020,5,24
2288,42081,2020,3,23,2020,5,24
2289,42083,2020,3,23,2020,5,24
2290,42085,2020,3,23,2020,5,24
2291,42087,2020,3,23,2020,5,24
2292,42089,2020,3,23,2020,5,24
2293,42091,2020,3,23,2020,5,24
2294,42093,2020,3,23,2020,5,24
2295,42095,2020,3,23,2020,5,24
2296,42097,2020,3,23,2020,5,24
2297,42099,2020,3,23,2020,5,24
2298,42101,2020,3,23,2020,5,24
2299,42103,2020,3,23,2020,5,24
2300,42105,2020,3,23,2020,5,24
2301,42107,2020,3,23,2020,5,24
2302,42109,2020,3,23,2020,5,24
2303,42111,2020,3,23,2020,5,24
2304,42113,2020,3,23,2020,5,24
2305,42115,2020,3,23,2020,5,24
2306,42117,2020,3,23,2020,5,24
2307,42119,2020,3,23,2020,5,24
2308,42121,2020,3,23,2020,5,24
2309,42123,2020,3,23,2020,5,24
2310,42125,2020,3,23,2020,5,24
2311,42127,2020,3,23,2020,5,24
2312,42129,2020,3,23,2020,5,24
2313,42131,2020,3,23,2020,5,24
2314,42133,2020,3,23,2020,5,24
2315,44001,2020,3,23,2020,5,24
2316,44003,2020,3,23,2020,5,24
2317,44005,2020,3,23,2020,5,24
2318,44007,2020,3,23,2020,5,24
2319,44009,2020,3,23,2020,5,24
2320,45001,2020,3,23,2020,5,24
2321,45003,2020,3,23,2020,5,24
2322,45005,2020,3,23,2020,5,24
2323,45007,2020,3,23,2020,5,24
2324,45009,2020,3,23,2020,5,24
2325,45011,2020,3,23,2020,5,24
2326,45013,2020,3,23,2020,5,24
2327,45015,2020,3,23,2020,5,24
2328,45017,2020,3,23,2020,5,24
2329,45019,2020,3,23,2020,5,24
2330,45021,2020,3,23,2020,5,24
2331,45023,2020,3,23,2020,5,24
2332,45025,2020,3,23,2020,5,24
2333,45027,2020,3,23,2020,5,24
2334,45029,2020,3,23,2020,5,24
2335,45031,2020,3,23,2020,5,24
2336,45033,2020,3,23,2020,5,24
2337,45035,2020,3,23,2020,5,24
2338,45037,2020,3,23,2020,5,24
2339,45039,2020,3,23,2020,5,24
2340,45041,2020,3,23,2020,5,24
2341,45043,2020,3,23,2020,5,24
2342,45045,2020,3,23,2020,5,24
2343,45047,2020,3,23,2020,5,24
2344,45049,2020,3,23,2020,5,24
2345,45051,2020,3,23,2020,5,24
2346,45053,2020,3,23,2020,5,24
2347,45055,2020,3,23,2020,5,24
2348,45057,2020,3,23,2020,5,24
2349,45059,2020,3,23,2020,5,24
2350,45061,2020,3,23,2020,5,24
2351,45063,2020,3,23,2020,5,24
2352,45065,2020,3,23,2020,5,24
2353,45067,2020,3,23,2020,5,24
2354,45069,2020,3,23,2020,5,24
2355,45071,2020,3,23,2020,5,24
2356,45073,2020,3,23,2020,5,24
2357,45075,2020,3,23,2020,5,24
2358,45077,2020,3,23,2020,5,24
2359,45079,2020,3,23,2020,5,24
2360,45081,2020,3,23,2020,5,24
2361,45083,2020,3,23,2020,5,24
2362,45085,2020,3,23,2020,5,24
2363,45087,2020,3,23,2020,5,24
2364,45089,2020,3,23,2020,5,24
2365,45091,2020,3,23,2020,5,24
2366,46003,2020,3,23,2020,5,24
2367,46005,2020,3,23,2020,5,24
2368,46007,2020,3,23,2020,5,24
2369,46009,2020,3,23,2020,5,24
2370,46011,2020,3,23,2020,5,24
2371,46013,2020,3,23,2020,5,24
2372,46015,2020,3,23,2020,5,24
2373,46017,2020,3,23,2020,5,24
2374,46019,2020,3,23,2020,5,24
2375,46021,2020,3,23,2020,5,24
2376,46023,2020,3,23,2020,5,24
2377,46025,2020,3,23,2020,5,24
2378,46027,2020,3,23,2020,5,24
2379,46029,2020,3,23,2020,5,24
2380,46031,2020,3,23,2020,5,24
2381,46033,2020,3,23,2020,5,24
2382,46035,2020,3,23,2020,5,24
2383,46037,2020,3,23,2020,5,24
2384,46039,2020,3,23,2020,5,24
2385,46041,2020,3,23,2020,5,24
2386,46043,2020,3,23,2020,5,24
2387,46045,2020,3,23,2020,5,24
2388,46047,2020,3,23,2020,5,24
2389,46049,2020,3,23,2020,5,24
2390,46051,2020,3,23,2020,5,24
2391,46053,2020,3,23,2020,5,24
2392,46055,2020,3,23,2020,5,24
2393,46057,2020,3,23,2020,5,24
2394,46059,2020,3,23,2020,5,24
2395,46061,2020,3,23,2020,5,24
2396,46063,2020,3,23,2020,5,24
2397,46065,2020,3,23,2020,5,24
2398,46067,2020,3,23,2020,5,24
2399,46069,2020,3,23,2020,5,24
2400,46071,2020,3,23,2020,5,24
2401,46073,2020,3,23,2020,5,24
2402,46075,2020,3,23,2020,5,24
2403,46077,2020,3,23,2020,5,24
2404,46079,2020,3,23,2020,5,24
2405,46081,2020,3,23,2020,5,24
2406,46083,2020,3,23,2020,5,24
2407,46085,2020,3,23,2020,5,24
2408,46087,2020,3,23,2020,5,24
2409,46089,2020,3,23,2020,5,24
2410,46091,2020,3,23,2020,5,24
2411,46093,2020,3,23,2020,5,24
2412,46095,2020,3,23,2020,5,24
2413,46097,2020,3,23,2020,5,24
2414,46099,2020,3,23,2020,5,24
2415,46101,2020,3,23,2020,5,24
2416,46102,2020,3,23,2020,5,24
2417,46103,2020,3,23,2020,5,24
2418,46105,2020,3,23,2020,5,24
2419,46107,2020,3,23,2020,5,24
2420,46109,2020,3,23,2020,5,24
2421,46111,2020,3,23,2020,5,24
2422,46115,2020,3,23,2020,5,24
2423,46117,2020,3,23,2020,5,24
2424,46119,2020,3,23,2020,5,24
2425,46121,2020,3,23,2020,5,24
2426,46123,2020,3,23,2020,5,24
2427,46125,2020,3,23,2020,5,24
2428,46127,2020,3,23,2020,5,24
2429,46129,2020,3,23,2020,5,24
2430,46135,2020,3,23,2020,5,24
2431,46137,2020,3,23,2020,5,24
2432,47001,2020,3,23,2020,5,24
2433,47003,2020,3,23,2020,5,24
2434,47005,2020,3,23,2020,5,24
2435,47007,2020,3,23,2020,5,24
2436,47009,2020,3,23,2020,5,24
2437,47011,2020,3,23,2020,5,24
2438,47013,2020,3,23,2020,5,24
2439,47015,2020,3,23,2020,5,24
2440,47017,2020,3,23,2020,5,24
2441,47019,2020,3,23,2020,5,24
2442,47021,2020,3,23,2020,5,24
2443,47023,2020,3,23,2020,5,24
2444,47025,2020,3,23,2020,5,24
2445,47027,2020,3,23,2020,5,24
2446,47029,2020,3,23,2020,5,24
2447,47031,2020,3,23,2020,5,24
2448,47033,2020,3,23,2020,5,24
2449,47035,2020,3,23,2020,5,24
2450,47037,2020,3,23,2020,5,24
2451,47039,2020,3,23,2020,5,24
2452,47041,2020,3,23,2020,5,24
2453,47043,2020,3,23,2020,5,24
2454,47045,2020,3,23,2020,5,24
2455,47047,2020,3,23,2020,5,24
2456,47049,2020,3,23,2020,5,24
2457,47051,2020,3,23,2020,5,24
2458,47053,2020,3,23,2020,5,24
2459,47055,2020,3,23,2020,5,24
2460,47057,2020,3,23,2020,5,24
2461,47059,2020,3,23,2020,5,24
2462,47061,2020,3,23,2020,5,24
2463,47063,2020,3,23,2020,5,24
2464,47065,2020,3,23,2020,5,24
2465,47067,2020,3,23,2020,5,24
2466,47069,2020,3,23,2020,5,24
2467,47071,2020,3,23,2020,5,24
2468,47073,2020,3,23,2020,5,24
2469,47075,2020,3,23,2020,5,24
2470,47077,2020,3,23,2020,5,24
2471,47079,2020,3,23,2020,5,24
2472,47081,2020,3,23,2020,5,24
2473,47083,2020,3,23,2020,5,24
2474,47085,2020,3,23,2020,5,24
2475,47087,2020,3,23,2020,5,24
2476,47089,2020,3,23,2020,5,24
2477,47091,2020,3,23,2020,5,24
2478,47093,2020,3,23,2020,5,24
2479,47095,2020,3,23,2020,5,24
2480,47097,2020,3,23,2020,5,24
2481,47099,2020,3,23,2020,5,24
2482,47101,2020,3,23,2020,5,24
2483,47103,2020,3,23,2020,5,24
2484,47105,2020,3,23,2020,5,24
2485,47107,2020,3,23,2020,5,24
2486,47109,2020,3,23,2020,5,24
2487,47111,2020,3,23,2020,5,24
2488,47113,2020,3,23,2020,5,24
2489,47115,2020,3,23,2020,5,24
2490,47117,2020,3,23,2020,5,24
2491,47119,2020,3,23,2020,5,24
2492,47121,2020,3,23,2020,5,24
2493,47123,2020,3,23,2020,5,24
2494,47125,2020,3,23,2020,5,24
2495,47127,2020,3,23,2020,5,24
2496,47129,2020,3,23,2020,5,24
2497,47131,2020,3,23,2020,5,24
2498,47133,2020,3,23,2020,5,24
2499,47135,2020,3,23,2020,5,24
2500,47137,2020,3,23,2020,5,24
2501,47139,2020,3,23,2020,5,24
2502,47141,2020,3,23,2020,5,24
2503,47143,2020,3,23,2020,5,24
2504,47145,2020,3,23,2020,5,24
2505,47147,2020,3,23,2020,5,24
2506,47149,2020,3,23,2020,5,24
2507,47151,2020,3,23,2020,5,24
2508,47153,2020,3,23,2020,5,24
2509,47155,2020,3,23,2020,5,24
2510,47157,2020,3,23,2020,5,24
2511,47159,2020,3,23,2020,5,24
2512,47161,2020,3,23,2020,5,24
2513,47163,2020,3,23,2020,5,24
2514,47165,2020,3,23,2020,5,24
2515,47167,2020,3,23,2020,5,24
2516,47169,2020,3,23,2020,5,24
2517,47171,2020,3,23,2020,5,24
2518,47173,2020,3,23,2020,5,24
2519,47175,2020,3,23,2020,5,24
2520,47177,2020,3,23,2020,5,24
2521,47179,2020,3,23,2020,5,24
2522,47181,2020,3,23,2020,5,24
2523,47183,2020,3,23,2020,5,24
2524,47185,2020,3,23,2020,5,24
2525,47187,2020,3,23,2020,5,24
2526,47189,2020,3,23,2020,5,24
2527,48001,2020,3,23,2020,5,24
2528,48003,2020,3,23,2020,5,24
2529,48005,2020,3,23,2020,5,24
2530,48007,2020,3,23,2020,5,24
2531,48009,2020,3,23,2020,5,24
2532,48011,2020,3,23,2020,5,24
2533,48013,2020,3,23,2020,5,24
2534,48015,2020,3,23,2020,5,24
2535,48017,2020,3,23,2020,5,24
2536,48019,2020,3,23,2020,5,24
2537,48021,2020,3,23,2020,5,24
2538,48023,2020,3,23,2020,5,24
2539,48025,2020,3,23,2020,5,24
2540,48027,2020,3,23,2020,5,24
2541,48029,2020,3,23,2020,5,24
2542,48031,2020,3,23,2020,5,24
2543,48033,2020,3,23,2020,5,24
2544,48035,2020,3,23,2020,5,24
2545,48037,2020,3,23,2020,5,24
2546,48039,2020,3,23,2020,5,24
2547,48041,2020,3,23,2020,5,24
2548,48043,2020,3,23,2020,5,24
2549,48045,2020,3,23,2020,5,24
2550,48047,2020,3,23,2020,5,24
2551,48049,2020,3,23,2020,5,24
2552,48051,2020,3,23,2020,5,24
2553,48053,2020,3,23,2020,5,24
2554,48055,2020,3,23,2020,5,24
2555,48057,2020,3,23,2020,5,24
2556,48059,2020,3,23,2020,5,24
2557,48061,2020,3,23,2020,5,24
2558,48063,2020,3,23,2020,5,24
2559,48065,2020,3,23,2020,5,24
2560,48067,2020,3,23,2020,5,24
2561,48069,2020,3,23,2020,5,24
2562,48071,2020,3,23,2020,5,24
2563,48073,2020,3,23,2020,5,24
2564,48075,2020,3,23,2020,5,24
2565,48077,2020,3,23,2020,5,24
2566,48079,2020,3,23,2020,5,24
2567,48081,2020,3,23,2020,5,24
2568,48083,2020,3,23,2020,5,24
2569,48085,2020,3,23,2020,5,24
2570,48087,2020,3,23,2020,5,24
2571,48089,2020,3,23,2020,5,24
2572,48091,2020,3,23,2020,5,24
2573,48093,2020,3,23,2020,5,24
2574,48095,2020,3,23,2020,5,24
2575,48097,2020,3,23,2020,5,24
2576,48099,2020,3,23,2020,5,24
2577,48101,2020,3,23,2020,5,24
2578,48103,2020,3,23,2020,5,24
2579,48105,2020,3,23,2020,5,24
2580,48107,2020,3,23,2020,5,24
2581,48109,2020,3,23,2020,5,24
2582,48111,2020,3,23,2020,5,24
2583,48113,2020,3,23,2020,5,24
2584,48115,2020,3,23,2020,5,24
2585,48117,2020,3,23,2020,5,24
2586,48119,2020,3,23,2020,5,24
2587,48121,2020,3,23,2020,5,24
2588,48123,2020,3,23,2020,5,24
2589,48125,2020,3,23,2020,5,24
2590,48127,2020,3,23,2020,5,24
2591,48129,2020,3,23,2020,5,24
2592,48131,2020,3,23,2020,5,24
2593,48133,2020,3,23,2020,5,24
2594,48135,2020,3,23,2020,5,24
2595,48137,2020,3,23,2020,5,24
2596,48139,2020,3,23,2020,5,24
2597,48141,2020,3,23,2020,5,24
2598,48143,2020,3,23,2020,5,24
2599,48145,2020,3,23,2020,5,24
2600,48147,2020,3,23,2020,5,24
2601,48149,2020,3,23,2020,5,24
2602,48151,2020,3,23,2020,5,24
2603,48153,2020,3,23,2020,5,24
2604,48155,2020,3,23,2020,5,24
2605,48157,2020,3,23,2020,5,24
2606,48159,2020,3,23,2020,5,24
2607,48161,2020,3,23,2020,5,24
2608,48163,2020,3,23,2020,5,24
2609,48165,2020,3,23,2020,5,24
2610,48167,2020,3,23,2020,5,24
2611,48169,2020,3,23,2020,5,24
2612,48171,2020,3,23,2020,5,24
2613,48173,2020,3,23,2020,5,24
2614,48175,2020,3,23,2020,5,24
2615,48177,2020,3,23,2020,5,24
2616,48179,2020,3,23,2020,5,24
2617,48181,2020,3,23,2020,5,24
2618,48183,2020,3,23,2020,5,24
2619,48185,2020,3,23,2020,5,24
2620,48187,2020,3,23,2020,5,24
2621,48189,2020,3,23,2020,5,24
2622,48191,2020,3,23,2020,5,24
2623,48193,2020,3,23,2020,5,24
2624,48195,2020,3,23,2020,5,24
2625,48197,2020,3,23,2020,5,24
2626,48199,2020,3,23,2020,5,24
2627,48201,2020,3,23,2020,5,24
2628,48203,2020,3,23,2020,5,24
2629,48205,2020,3,23,2020,5,24
2630,48207,2020,3,23,2020,5,24
2631,48209,2020,3,23,2020,5,24
2632,48211,2020,3,23,2020,5,24
2633,48213,2020,3,23,2020,5,24
2634,48215,2020,3,23,2020,5,24
2635,48217,2020,3,23,2020,5,24
2636,48219,2020,3,23,2020,5,24
2637,48221,2020,3,23,2020,5,24
2638,48223,2020,3,23,2020,5,24
2639,48225,2020,3,23,2020,5,24
2640,48227,2020,3,23,2020,5,24
2641,48229,2020,3,23,2020,5,24
2642,48231,2020,3,23,2020,5,24
2643,48233,2020,3,23,2020,5,24
2644,48235,2020,3,23,2020,5,24
2645,48237,2020,3,23,2020,5,24
2646,48239,2020,3,23,2020,5,24
2647,48241,2020,3,23,2020,5,24
2648,48243,2020,3,23,2020,5,24
2649,48245,2020,3,23,2020,5,24
2650,48247,2020,3,23,2020,5,24
2651,48249,2020,3,23,2020,5,24
2652,48251,2020,3,23,2020,5,24
2653,48253,2020,3,23,2020,5,24
2654,48255,2020,3,23,2020,5,24
2655,48257,2020,3,23,2020,5,24
2656,48259,2020,3,23,2020,5,24
2657,48261,2020,3,23,2020,5,24
2658,48263,2020,3,23,2020,5,24
2659,48265,2020,3,23,2020,5,24
2660,48267,2020,3,23,2020,5,24
2661,48269,2020,3,23,2020,5,24
2662,48271,2020,3,23,2020,5,24
2663,48273,2020,3,23,2020,5,24
2664,48275,2020,3,23,2020,5,24
2665,48277,2020,3,23,2020,5,24
2666,48279,2020,3,23,2020,5,24
2667,48281,2020,3,23,2020,5,24
2668,48283,2020,3,23,2020,5,24
2669,48285,2020,3,23,2020,5,24
2670,48287,2020,3,23,2020,5,24
2671,48289,2020,3,23,2020,5,24
2672,48291,2020,3,23,2020,5,24
2673,48293,2020,3,23,2020,5,24
2674,48295,2020,3,23,2020,5,24
2675,48297,2020,3,23,2020,5,24
2676,48299,2020,3,23,2020,5,24
2677,48301,2020,3,23,2020,5,24
2678,48303,2020,3,23,2020,5,24
2679,48305,2020,3,23,2020,5,24
2680,48307,2020,3,23,2020,5,24
2681,48309,2020,3,23,2020,5,24
2682,48311,2020,3,23,2020,5,24
2683,48313,2020,3,23,2020,5,24
2684,48315,2020,3,23,2020,5,24
2685,48317,2020,3,23,2020,5,24
2686,48319,2020,3,23,2020,5,24
2687,48321,2020,3,23,2020,5,24
2688,48323,2020,3,23,2020,5,24
2689,48325,2020,3,23,2020,5,24
2690,48327,2020,3,23,2020,5,24
2691,48329,2020,3,23,2020,5,24
2692,48331,2020,3,23,2020,5,24
2693,48333,2020,3,23,2020,5,24
2694,48335,2020,3,23,2020,5,24
2695,48337,2020,3,23,2020,5,24
2696,48339,2020,3,23,2020,5,24
2697,48341,2020,3,23,2020,5,24
2698,48343,2020,3,23,2020,5,24
2699,48345,2020,3,23,2020,5,24
2700,48347,2020,3,23,2020,5,24
2701,48349,2020,3,23,2020,5,24
2702,48351,2020,3,23,2020,5,24
2703,48353,2020,3,23,2020,5,24
2704,48355,2020,3,23,2020,5,24
2705,48357,2020,3,23,2020,5,24
2706,48359,2020,3,23,2020,5,24
2707,48361,2020,3,23,2020,5,24
2708,48363,2020,3,23,2020,5,24
2709,48365,2020,3,23,2020,5,24
2710,48367,2020,3,23,2020,5,24
2711,48369,2020,3,23,2020,5,24
2712,48371,2020,3,23,2020,5,24
2713,48373,2020,3,23,2020,5,24
2714,48375,2020,3,23,2020,5,24
2715,48377,2020,3,23,2020,5,24
2716,48379,2020,3,23,2020,5,24
2717,48381,2020,3,23,2020,5,24
2718,48383,2020,3,23,2020,5,24
2719,48385,2020,3,23,2020,5,24
2720,48387,2020,3,23,2020,5,24
2721,48389,2020,3,23,2020,5,24
2722,48391,2020,3,23,2020,5,24
2723,48393,2020,3,23,2020,5,24
2724,48395,2020,3,23,2020,5,24
2725,48397,2020,3,23,2020,5,24
2726,48399,2020,3,23,2020,5,24
2727,48401,2020,3,23,2020,5,24
2728,48403,2020,3,23,2020,5,24
2729,48405,2020,3,23,2020,5,24
2730,48407,2020,3,23,2020,5,24
2731,48409,2020,3,23,2020,5,24
2732,48411,2020,3,23,2020,5,24
2733,48413,2020,3,23,2020,5,24
2734,48415,2020,3,23,2020,5,24
2735,48417,2020,3,23,2020,5,24
2736,48419,2020,3,23,2020,5,24
2737,48421,2020,3,23,2020,5,24
2738,48423,2020,3,23,2020,5,24
2739,48425,2020,3,23,2020,5,24
2740,48427,2020,3,23,2020,5,24
2741,48429,2020,3,23,2020,5,24
2742,48431,2020,3,23,2020,5,24
2743,48433,2020,3,23,2020,5,24
2744,48435,2020,3,23,2020,5,24
2745,48437,2020,3,23,2020,5,24
2746,48439,2020,3,23,2020,5,24
2747,48441,2020,3,23,2020,5,24
2748,48443,2020,3,23,2020,5,24
2749,48445,2020,3,23,2020,5,24
2750,48447,2020,3,23,2020,5,24
2751,48449,2020,3,23,2020,5,24
2752,48451,2020,3,23,2020,5,24
2753,48453,2020,3,23,2020,5,24
2754,48455,2020,3,23,2020,5,24
2755,48457,2020,3,23,2020,5,24
2756,48459,2020,3,23,2020,5,24
2757,48461,2020,3,23,2020,5,24
2758,48463,2020,3,23,2020,5,24
2759,48465,2020,3,23,2020,5,24
2760,48467,2020,3,23,2020,5,24
2761,48469,2020,3,23,2020,5,24
2762,48471,2020,3,23,2020,5,24
2763,48473,2020,3,23,2020,5,24
2764,48475,2020,3,23,2020,5,24
2765,48477,2020,3,23,2020,5,24
2766,48479,2020,3,23,2020,5,24
2767,48481,2020,3,23,2020,5,24
2768,48483,2020,3,23,2020,5,24
2769,48485,2020,3,23,2020,5,24
2770,48487,2020,3,23,2020,5,24
2771,48489,2020,3,23,2020,5,24
2772,48491,2020,3,23,2020,5,24
2773,48493,2020,3,23,2020,5,24
2774,48495,2020,3,23,2020,5,24
2775,48497,2020,3,23,2020,5,24
2776,48499,2020,3,23,2020,5,24
2777,48501,2020,3,23,2020,5,24
2778,48503,2020,3,23,2020,5,24
2779,48505,2020,3,23,2020,5,24
2780,48507,2020,3,23,2020,5,24
2781,49001,2020,3,23,2020,5,24
2782,49003,2020,3,23,2020,5,24
2783,49005,2020,3,23,2020,5,24
2784,49007,2020,3,23,2020,5,24
2785,49009,2020,3,23,2020,5,24
2786,49011,2020,3,23,2020,5,24
2787,49013,2020,3,23,2020,5,24
2788,49015,2020,3,23,2020,5,24
2789,49017,2020,3,23,2020,5,24
2790,49019,2020,3,23,2020,5,24
2791,49021,2020,3,23,2020,5,24
2792,49023,2020,3,23,2020,5,24
2793,49025,2020,3,23,2020,5,24
2794,49027,2020,3,23,2020,5,24
2795,49029,2020,3,23,2020,5,24
2796,49031,2020,3,23,2020,5,24
2797,49033,2020,3,23,2020,5,24
2798,49035,2020,3,23,2020,5,24
2799,49037,2020,3,23,2020,5,24
2800,49039,2020,3,23,2020,5,24
2801,49041,2020,3,23,2020,5,24
2802,49043,2020,3,23,2020,5,24
2803,49045,2020,3,23,2020,5,24
2804,49047,2020,3,23,2020,5,24
2805,49049,2020,3,23,2020,5,24
2806,49051,2020,3,23,2020,5,24
2807,49053,2020,3,23,2020,5,24
2808,49055,2020,3,23,2020,5,24
2809,49057,2020,3,23,2020,5,24
2810,50001,2020,3,23,2020,5,24
2811,50003,2020,3,23,2020,5,24
2812,50005,2020,3,23,2020,5,24
2813,50007,2020,3,23,2020,5,24
2814,50009,2020,3,23,2020,5,24
2815,50011,2020,3,23,2020,5,24
2816,50013,2020,3,23,2020,5,24
2817,50015,2020,3,23,2020,5,24
2818,50017,2020,3,23,2020,5,24
2819,50019,2020,3,23,2020,5,24
2820,50021,2020,3,23,2020,5,24
2821,50023,2020,3,23,2020,5,24
2822,50025,2020,3,23,2020,5,24
2823,50027,2020,3,23,2020,5,24
2824,51001,2020,3,23,2020,5,24
2825,51003,2020,3,23,2020,5,24
2826,51005,2020,3,23,2020,5,24
2827,51007,2020,3,23,2020,5,24
2828,51009,2020,3,23,2020,5,24
2829,51011,2020,3,23,2020,5,24
2830,51013,2020,3,23,2020,5,24
2831,51015,2020,3,23,2020,5,24
2832,51017,2020,3,23,2020,5,24
2833,51019,2020,3,23,2020,5,24
2834,51021,2020,3,23,2020,5,24
2835,51023,2020,3,23,2020,5,24
2836,51025,2020,3,23,2020,5,24
2837,51027,2020,3,23,2020,5,24
2838,51029,2020,3,23,2020,5,24
2839,51031,2020,3,23,2020,5,24
2840,51033,2020,3,23,2020,5,24
2841,51035,2020,3,23,2020,5,24
2842,51036,2020,3,23,2020,5,24
2843,51037,2020,3,23,2020,5,24
2844,51041,2020,3,23,2020,5,24
2845,51043,2020,3,23,2020,5,24
2846,51045,2020,3,23,2020,5,24
2847,51047,2020,3,23,2020,5,24
2848,51049,2020,3,23,2020,5,24
2849,51051,2020,3,23,2020,5,24
2850,51053,2020,3,23,2020,5,24
2851,51057,2020,3,23,2020,5,24
2852,51059,2020,3,23,2020,5,24
2853,51061,2020,3,23,2020,5,24
2854,51063,2020,3,23,2020,5,24
2855,51065,2020,3,23,2020,5,24
2856,51067,2020,3,23,2020,5,24
2857,51069,2020,3,23,2020,5,24
2858,51071,2020,3,23,2020,5,24
2859,51073,2020,3,23,2020,5,24
2860,51075,2020,3,23,2020,5,24
2861,51077,2020,3,23,2020,5,24
2862,51079,2020,3,23,2020,5,24
2863,51081,2020,3,23,2020,5,24
2864,51083,2020,3,23,2020,5,24
2865,51085,2020,3,23,2020,5,24
2866,51087,2020,3,23,2020,5,24
2867,51089,2020,3,23,2020,5,24
2868,51091,2020,3,23,2020,5,24
2869,51093,2020,3,23,2020,5,24
2870,51095,2020,3,23,2020,5,24
2871,51097,2020,3,23,2020,5,24
2872,51099,2020,3,23,2020,5,24
2873,51101,2020,3,23,2020,5,24
2874,51103,2020,3,23,2020,5,24
2875,51105,2020,3,23,2020,5,24
2876,51107,2020,3,23,2020,5,24
2877,51109,2020,3,23,2020,5,24
2878,51111,2020,3,23,2020,5,24
2879,51113,2020,3,23,2020,5,24
2880,51115,2020,3,23,2020,5,24
2881,51117,2020,3,23,2020,5,24
2882,51119,2020,3,23,2020,5,24
2883,51121,2020,3,23,2020,5,24
2884,51125,2020,3,23,2020,5,24
2885,51127,2020,3,23,2020,5,24
2886,51131,2020,3,23,2020,5,24
2887,51133,2020,3,23,2020,5,24
2888,51135,2020,3,23,2020,5,24
2889,51137,2020,3,23,2020,5,24
2890,51139,2020,3,23,2020,5,24
2891,51141,2020,3,23,2020,5,24
2892,51143,2020,3,23,2020,5,24
2893,51145,2020,3,23,2020,5,24
2894,51147,2020,3,23,2020,5,24
2895,51149,2020,3,23,2020,5,24
2896,51153,2020,3,23,2020,5,24
2897,51155,2020,3,23,2020,5,24
2898,51157,2020,3,23,2020,5,24
2899,51159,2020,3,23,2020,5,24
2900,51161,2020,3,23,2020,5,24
2901,51163,2020,3,23,2020,5,24
2902,51165,2020,3,23,2020,5,24
2903,51167,2020,3,23,2020,5,24
2904,51169,2020,3,23,2020,5,24
2905,51171,2020,3,23,2020,5,24
2906,51173,2020,3,23,2020,5,24
2907,51175,2020,3,23,2020,5,24
2908,51177,2020,3,23,2020,5,24
2909,51179,2020,3,23,2020,5,24
2910,51181,2020,3,23,2020,5,24
2911,51183,2020,3,23,2020,5,24
2912,51185,2020,3,23,2020,5,24
2913,51187,2020,3,23,2020,5,24
2914,51191,2020,3,23,2020,5,24
2915,51193,2020,3,23,2020,5,24
2916,51195,2020,3,23,2020,5,24
2917,51197,2020,3,23,2020,5,24
2918,51199,2020,3,23,2020,5,24
2919,51510,2020,3,23,2020,5,24
2920,51520,2020,3,23,2020,5,24
2921,51530,2020,3,23,2020,5,24
2922,51540,2020,3,23,2020,5,24
2923,51550,2020,3,23,2020,5,24
2924,51570,2020,3,23,2020,5,24
2925,51580,2020,3,23,2020,5,24
2926,51590,2020,3,23,2020,5,24
2927,51595,2020,3,23,2020,5,24
2928,51600,2020,3,23,2020,5,24
2929,51610,2020,3,23,2020,5,24
2930,51620,2020,3,23,2020,5,24
2931,51630,2020,3,23,2020,5,24
2932,51640,2020,3,23,2020,5,24
2933,51650,2020,3,23,2020,5,24
2934,51660,2020,3,23,2020,5,24
2935,51670,2020,3,23,2020,5,24
2936,51678,2020,3,23,2020,5,24
2937,51680,2020,3,23,2020,5,24
2938,51683,2020,3,23,2020,5,24
2939,51685,2020,3,23,2020,5,24
2940,51690,2020,3,23,2020,5,24
2941,51700,2020,3,23,2020,5,24
2942,51710,2020,3,23,2020,5,24
2943,51720,2020,3,23,2020,5,24
2944,51730,2020,3,23,2020,5,24
2945,51735,2020,3,23,2020,5,24
2946,51740,2020,3,23,2020,5,24
2947,51750,2020,3,23,2020,5,24
2948,51760,2020,3,23,2020,5,24
2949,51770,2020,3,23,2020,5,24
2950,51775,2020,3,23,2020,5,24
2951,51790,2020,3,23,2020,5,24
2952,51800,2020,3,23,2020,5,24
2953,51810,2020,3,23,2020,5,24
2954,51820,2020,3,23,2020,5,24
2955,51830,2020,3,23,2020,5,24
2956,51840,2020,3,23,2020,5,24
2957,53001,2020,3,23,2020,5,24
2958,53003,2020,3,23,2020,5,24
2959,53005,2020,3,23,2020,5,24
2960,53007,2020,3,23,2020,5,24
2961,53009,2020,3,23,2020,5,24
2962,53011,2020,3,23,2020,5,24
2963,53013,2020,3,23,2020,5,24
2964,53015,2020,3,23,2020,5,24
2965,53017,2020,3,23,2020,5,24
2966,53019,2020,3,23,2020,5,24
2967,53021,2020,3,23,2020,5,24
2968,53023,2020,3,23,2020,5,24
2969,53025,2020,3,23,2020,5,24
2970,53027,2020,3,23,2020,5,24
2971,53029,2020,3,23,2020,5,24
2972,53031,2020,3,23,2020,5,24
2973,53033,2020,3,23,2020,5,24
2974,53035,2020,3,23,2020,5,24
2975,53037,2020,3,23,2020,5,24
2976,53039,2020,3,23,2020,5,24
2977,53041,2020,3,23,2020,5,24
2978,53043,2020,3,23,2020,5,24
2979,53045,2020,3,23,2020,5,24
2980,53047,2020,3,23,2020,5,24
2981,53049,2020,3,23,2020,5,24
2982,53051,2020,3,23,2020,5,24
2983,53053,2020,3,23,2020,5,24
2984,53055,2020,3,23,2020,5,24
2985,53057,2020,3,23,2020,5,24
2986,53059,2020,3,23,2020,5,24
2987,53061,2020,3,23,2020,5,24
2988,53063,2020,3,23,2020,5,24
2989,53065,2020,3,23,2020,5,24
2990,53067,2020,3,23,2020,5,24
2991,53069,2020,3,23,2020,5,24
2992,53071,2020,3,23,2020,5,24
2993,53073,2020,3,23,2020,5,24
2994,53075,2020,3,23,2020,5,24
2995,53077,2020,3,23,2020,5,24
2996,54001,2020,3,23,2020,5,24
2997,54003,2020,3,23,2020,5,24
2998,54005,2020,3,23,2020,5,24
2999,54007,2020,3,23,2020,5,24
3000,54009,2020,3,23,2020,5,24
3001,54011,2020,3,23,2020,5,24
3002,54013,2020,3,23,2020,5,24
3003,54015,2020,3,23,2020,5,24
3004,54017,2020,3,23,2020,5,24
3005,54019,2020,3,23,2020,5,24
3006,54021,2020,3,23,2020,5,24
3007,54023,2020,3,23,2020,5,24
3008,54025,2020,3,23,2020,5,24
3009,54027,2020,3,23,2020,5,24
3010,54029,2020,3,23,2020,5,24
3011,54031,2020,3,23,2020,5,24
3012,54033,2020,3,23,2020,5,24
3013,54035,2020,3,23,2020,5,24
3014,54037,2020,3,23,2020,5,24
3015,54039,2020,3,23,2020,5,24
3016,54041,2020,3,23,2020,5,24
3017,54043,2020,3,23,2020,5,24
3018,54045,2020,3,23,2020,5,24
3019,54047,2020,3,23,2020,5,24
3020,54049,2020,3,23,2020,5,24
3021,54051,2020,3,23,2020,5,24
3022,54053,2020,3,23,2020,5,24
3023,54055,2020,3,23,2020,5,24
3024,54057,2020,3,23,2020,5,24
3025,54059,2020,3,23,2020,5,24
3026,54061,2020,3,23,2020,5,24
3027,54063,2020,3,23,2020,5,24
3028,54065,2020,3,23,2020,5,24
3029,54067,2020,3,23,2020,5,24
3030,54069,2020,3,23,2020,5,24
3031,54071,2020,3,23,2020,5,24
3032,54073,2020,3,23,2020,5,24
3033,54075,2020,3,23,2020,5,24
3034,54077,2020,3,23,2020,5,24
3035,54079,2020,3,23,2020,5,24
3036,54081,2020,3,23,2020,5,24
3037,54083,2020,3,23,2020,5,24
3038,54085,2020,3,23,2020,5,24
3039,54087,2020,3,23,2020,5,24
3040,54089,2020,3,23,2020,5,24
3041,54091,2020,3,23,2020,5,24
3042,54093,2020,3,23,2020,5,24
3043,54095,2020,3,23,2020,5,24
3044,54097,2020,3,23,2020,5,24
3045,54099,2020,3,23,2020,5,24
3046,54101,2020,3,23,2020,5,24
3047,54103,2020,3,23,2020,5,24
3048,54105,2020,3,23,2020,5,24
3049,54107,2020,3,23,2020,5,24
3050,54109,2020,3,23,2020,5,24
3051,55001,2020,3,23,2020,5,24
3052,55003,2020,3,23,2020,5,24
3053,55005,2020,3,23,2020,5,24
3054,55007,2020,3,23,2020,5,24
3055,55009,2020,3,23,2020,5,24
3056,55011,2020,3,23,2020,5,24
3057,55013,2020,3,23,2020,5,24
3058,55015,2020,3,23,2020,5,24
3059,55017,2020,3,23,2020,5,24
3060,55019,2020,3,23,2020,5,24
3061,55021,2020,3,23,2020,5,24
3062,55023,2020,3,23,2020,5,24
3063,55025,2020,3,23,2020,5,24
3064,55027,2020,3,23,2020,5,24
3065,55029,2020,3,23,2020,5,24
3066,55031,2020,3,23,2020,5,24
3067,55033,2020,3,23,2020,5,24
3068,55035,2020,3,23,2020,5,24
3069,55037,2020,3,23,2020,5,24
3070,55039,2020,3,23,2020,5,24
3071,55041,2020,3,23,2020,5,24
3072,55043,2020,3,23,2020,5,24
3073,55045,2020,3,23,2020,5,24
3074,55047,2020,3,23,2020,5,24
3075,55049,2020,3,23,2020,5,24
3076,55051,2020,3,23,2020,5,24
3077,55053,2020,3,23,2020,5,24
3078,55055,2020,3,23,2020,5,24
3079,55057,2020,3,23,2020,5,24
3080,55059,2020,3,23,2020,5,24
3081,55061,2020,3,23,2020,5,24
3082,55063,2020,3,23,2020,5,24
3083,55065,2020,3,23,2020,5,24
3084,55067,2020,3,23,2020,5,24
3085,55069,2020,3,23,2020,5,24
3086,55071,2020,3,23,2020,5,24
3087,55073,2020,3,23,2020,5,24
3088,55075,2020,3,23,2020,5,24
3089,55077,2020,3,23,2020,5,24
3090,55078,2020,3,23,2020,5,24
3091,55079,2020,3,23,2020,5,24
3092,55081,2020,3,23,2020,5,24
3093,55083,2020,3,23,2020,5,24
3094,55085,2020,3,23,2020,5,24
3095,55087,2020,3,23,2020,5,24
3096,55089,2020,3,23,2020,5,24
3097,55091,2020,3,23,2020,5,24
3098,55093,2020,3,23,2020,5,24
3099,55095,2020,3,23,2020,5,24
3100,55097,2020,3,23,2020,5,24
3101,55099,2020,3,23,2020,5,24
3102,55101,2020,3,23,2020,5,24
3103,55103,2020,3,23,2020,5,24
3104,55105,2020,3,23,2020,5,24
3105,55107,2020,3,23,2020,5,24
3106,55109,2020,3,23,2020,5,24
3107,55111,2020,3,23,2020,5,24
3108,55113,2020,3,23,2020,5,24
3109,55115,2020,3,23,2020,5,24
3110,55117,2020,3,23,2020,5,24
3111,55119,2020,3,23,2020,5,24
3112,55121,2020,3,23,2020,5,24
3113,55123,2020,3,23,2020,5,24
3114,55125,2020,3,23,2020,5,24
3115,55127,2020,3,23,2020,5,24
3116,55129,2020,3,23,2020,5,24
3117,55131,2020,3,23,2020,5,24
3118,55133,2020,3,23,2020,5,24
3119,55135,2020,3,23,2020,5,24
3120,55137,2020,3,23,2020,5,24
3121,55139,2020,3,23,2020,5,24
3122,55141,2020,3,23,2020,5,24
3123,56001,2020,3,23,2020,5,24
3124,56003,2020,3,23,2020,5,24
3125,56005,2020,3,23,2020,5,24
3126,56007,2020,3,23,2020,5,24
3127,56009,2020,3,23,2020,5,24
3128,56011,2020,3,23,2020,5,24
3129,56013,2020,3,23,2020,5,24
3130,56015,2020,3,23,2020,5,24
3131,56017,2020,3,23,2020,5,24
3132,56019,2020,3,23,2020,5,24
3133,56021,2020,3,23,2020,5,24
3134,56023,2020,3,23,2020,5,24
3135,56025,2020,3,23,2020,5,24
3136,56027,2020,3,23,2020,5,24
3137,56029,2020,3,23,2020,5,24
3138,56031,2020,3,23,2020,5,24
3139,56033,2020,3,23,2020,5,24
3140,56035,2020,3,23,2020,5,24
3141,56037,2020,3,23,2020,5,24
3142,56039,2020,3,23,2020,5,24
3143,56041,2020,3,23,2020,5,24
3144,56043,2020,3,23,2020,5,24
3145,56045,2020,3,23,2020,5,24
3146,60000,2020,3,23,2020,5,24
3147,66000,2020,3,23,2020,5,24
3148,69000,2020,3,23,2020,5,24
3149,78000,2020,3,23,2020,5,24
3150,88888,2020,3,23,2020,5,24
3151,90049,2020,3,23,2020,5,24
3152,99999,2020,3,23,2020,5,24
